venue,market_type,contract_type,symbol,interval,open_time,close_time,cost_available_time,spread_sample_count_1h,median_spread_bps_1h,p95_spread_bps_1h,p99_spread_bps_1h,min_spread_bps_1h,max_spread_bps_1h,first_event_time,last_event_time,max_sample_gap_ms,stale_gap_count_1h,source_path,source_checksum,dataset_version,execution_cost_quality,normalized_at
BINANCE,USD_M_FUTURES,PERPETUAL,ADAUSDT,1h,1686700800000,1686704399999,1686704400000,1,3.637024913622276,3.637024913622276,3.637024913622276,3.637024913622276,3.637024913622276,1686700800002,1686700800002,0.0,0,data/research/binance_public/cost_pilot/raw/data/futures/um/daily/bookTicker/ADAUSDT/ADAUSDT-bookTicker-2023-06-13.zip,0db08bf7cfc173e0a7f7f43842d616c63069d57d929693667fe8174a2579b7d3,sprint7_cost_pilot_202306,VERIFIED,2026-07-01T20:27:51.493285+00:00
BINANCE,USD_M_FUTURES,PERPETUAL,ADAUSDT,1h,1686700800000,1686704399999,1686704400000,94582,3.638348189921375,3.650301149846486,3.656975681113349,3.618599601953645,7.315288953914905,1686700800012,1686704399861,4319.0,0,data/research/binance_public/cost_pilot/raw/data/futures/um/daily/bookTicker/ADAUSDT/ADAUSDT-bookTicker-2023-06-14.zip,9849f8f2ec1c7b5f5c779788811ced593dc0027e13e700df88a28773009a7e0d,sprint7_cost_pilot_202306,VERIFIED,2026-07-01T20:28:04.158222+00:00
BINANCE,USD_M_FUTURES,PERPETUAL,ADAUSDT,1h,1687392000000,1687395599999,1687395600000,1,3.4971148802234304,3.4971148802234304,3.4971148802234304,3.4971148802234304,3.4971148802234304,1687392000004,1687392000004,0.0,0,data/research/binance_public/cost_pilot/raw/data/futures/um/daily/bookTicker/ADAUSDT/ADAUSDT-bookTicker-2023-06-21.zip,2b671a000f9982b09e49b392bc24f0c84e8303617413ad5fc3f5287de3f4130a,sprint7_cost_pilot_202306,VERIFIED,2026-07-01T20:29:32.789303+00:00
BINANCE,USD_M_FUTURES,PERPETUAL,ADAUSDT,1h,1687392000000,1687395599999,1687395600000,127231,3.451251078515582,3.4971148802234304,3.503240497459765,3.413551800648199,10.368066355623531,1687392000020,1687395599959,3993.0,0,data/research/binance_public/cost_pilot/raw/data/futures/um/daily/bookTicker/ADAUSDT/ADAUSDT-bookTicker-2023-06-22.zip,a4fb2bcf862ee44d772b53e7a0597446f34964dec2a1d8bdf9015cdbe8a2855a,sprint7_cost_pilot_202306,VERIFIED,2026-07-01T20:29:47.582250+00:00
BINANCE,USD_M_FUTURES,PERPETUAL,ADAUSDT,1h,1687478400000,1687481999999,1687482000000,1,3.452442603141342,3.452442603141342,3.452442603141342,3.452442603141342,3.452442603141342,1687478400002,1687478400002,0.0,0,data/research/binance_public/cost_pilot/raw/data/futures/um/daily/bookTicker/ADAUSDT/ADAUSDT-bookTicker-2023-06-22.zip,a4fb2bcf862ee44d772b53e7a0597446f34964dec2a1d8bdf9015cdbe8a2855a,sprint7_cost_pilot_202306,VERIFIED,2026-07-01T20:29:48.230044+00:00
BINANCE,USD_M_FUTURES,PERPETUAL,ADAUSDT,1h,1687478400000,1687481999999,1687482000000,93637,3.4228991956183115,3.446493193175564,3.4548281223005355,3.4054146092282984,6.908462867013247,1687478400004,1687481999993,4038.0,0,data/research/binance_public/cost_pilot/raw/data/futures/um/daily/bookTicker/ADAUSDT/ADAUSDT-bookTicker-2023-06-23.zip,1283cc72bd88a233c0790d5e1ff7a69d31d4ecdc65cd1d716997b23a8c7ebc5d,sprint7_cost_pilot_202306,VERIFIED,2026-07-01T20:30:02.298580+00:00
BINANCE,USD_M_FUTURES,PERPETUAL,ADAUSDT,1h,1687910400000,1687913999999,1687914000000,2,3.489792357356291,3.489792357356291,3.489792357356291,3.489792357356291,3.489792357356291,1687910400001,1687910400001,0.0,0,data/research/binance_public/cost_pilot/raw/data/futures/um/daily/bookTicker/ADAUSDT/ADAUSDT-bookTicker-2023-06-27.zip,6bfd850e8c77e0610f5253c9f182c0e95da12d860aae06e74d8fa8712dfdf9b1,sprint7_cost_pilot_202306,VERIFIED,2026-07-01T20:30:54.777311+00:00
BINANCE,USD_M_FUTURES,PERPETUAL,ADAUSDT,1h,1687910400000,1687913999999,1687914000000,140145,3.555555555555164,3.574620196603717,3.581020590868003,3.4873583260676195,10.59509094119804,1687910400023,1687913999472,2322.0,0,data/research/binance_public/cost_pilot/raw/data/futures/um/daily/bookTicker/ADAUSDT/ADAUSDT-bookTicker-2023-06-28.zip,ae2e2b1880df9fa4ff30d0f7c33b4e315dba55017906090d05a4998b45d3e9de,sprint7_cost_pilot_202306,VERIFIED,2026-07-01T20:31:06.970454+00:00
BINANCE,USD_M_FUTURES,PERPETUAL,BTCUSDT,1h,1685664000000,1685667599999,1685667600000,1,0.0373061247324851,0.0373061247324851,0.0373061247324851,0.0373061247324851,0.0373061247324851,1685664000003,1685664000003,0.0,0,data/research/binance_public/cost_pilot/raw/data/futures/um/daily/bookTicker/BTCUSDT/BTCUSDT-bookTicker-2023-06-01.zip,4c2eacb52de302de717cf7c7d4193cb80ae1bc7da4bfa1c1dcfd60a9b32ae28c,sprint7_cost_all_candidates_202306,VERIFIED,2026-07-02T13:26:04.918162+00:00
BINANCE,USD_M_FUTURES,PERPETUAL,BTCUSDT,1h,1685664000000,1685667599999,1685667600000,514899,0.0374082795739738,0.0376608825822352,0.3771663492183227,0.0372915171116022,21.674598313150828,1685664000007,1685667599955,3531.0,0,data/research/binance_public/cost_pilot/raw/data/futures/um/daily/bookTicker/BTCUSDT/BTCUSDT-bookTicker-2023-06-02.zip,be6a14111858534314f38fc6e87ff1706b1dda9ac2fbe65842e9381e58860780,sprint7_cost_all_candidates_202306,VERIFIED,2026-07-02T13:26:27.103232+00:00
BINANCE,USD_M_FUTURES,PERPETUAL,BTCUSDT,1h,1685836800000,1685840399999,1685840400000,1,0.0369618129024614,0.0369618129024614,0.0369618129024614,0.0369618129024614,0.0369618129024614,1685836800004,1685836800004,0.0,0,data/research/binance_public/cost_pilot/raw/data/futures/um/daily/bookTicker/BTCUSDT/BTCUSDT-bookTicker-2023-06-03.zip,545fb3f4148083f163662358d2f2ba22a20350458e143169af84d8aee65b07ae,sprint7_cost_all_candidates_202306,VERIFIED,2026-07-02T13:26:46.750014+00:00
BINANCE,USD_M_FUTURES,PERPETUAL,BTCUSDT,1h,1685836800000,1685840399999,1685840400000,210093,0.0369854628646286,0.0370272316783454,0.0370428678582905,0.0369570319063157,3.771547739659943,1685836800030,1685840399862,1338.0,0,data/research/binance_public/cost_pilot/raw/data/futures/um/daily/bookTicker/BTCUSDT/BTCUSDT-bookTicker-2023-06-04.zip,f1547eae7178665cc9d1706acf517b663deea5d58ccd04a07d7dce8861286bab,sprint7_cost_all_candidates_202306,VERIFIED,2026-07-02T13:27:02.736138+00:00
BINANCE,USD_M_FUTURES,PERPETUAL,BTCUSDT,1h,1686268800000,1686272399999,1686272400000,4,0.0377558667892013,0.0377558667892013,0.0377558667892013,0.0377558667892013,0.0377558667892013,1686268800002,1686268800002,0.0,0,data/research/binance_public/cost_pilot/raw/data/futures/um/daily/bookTicker/BTCUSDT/BTCUSDT-bookTicker-2023-06-08.zip,f4a7deeafd9b1f3bfe881047f498c0fe00d70a157afc5de028a8117c1e370311,sprint7_cost_all_candidates_202306,VERIFIED,2026-07-02T13:28:56.332462+00:00
BINANCE,USD_M_FUTURES,PERPETUAL,BTCUSDT,1h,1686268800000,1686272399999,1686272400000,302148,0.0378029671543418,0.0378351484740308,0.0378483228456431,0.0377319334780522,2.078141914422116,1686268800005,1686272399946,5136.0,0,data/research/binance_public/cost_pilot/raw/data/futures/um/daily/bookTicker/BTCUSDT/BTCUSDT-bookTicker-2023-06-09.zip,8b31d6b0d218db6739f0ebe59ee214a899b8b0042dea92f837f83fcbe9f3cd3f,sprint7_cost_all_candidates_202306,VERIFIED,2026-07-02T13:29:16.394668+00:00
BINANCE,USD_M_FUTURES,PERPETUAL,BTCUSDT,1h,1686700800000,1686704399999,1686704400000,5,0.0385831495805219,0.0385831495805219,0.0385831495805219,0.0385831495805219,0.0385831495805219,1686700800001,1686700800004,2.0,0,data/research/binance_public/cost_pilot/raw/data/futures/um/daily/bookTicker/BTCUSDT/BTCUSDT-bookTicker-2023-06-13.zip,4f0df89e886503a5b0017838f39bbac3c007db39c86499ce98cdc9035b676315,sprint7_cost_all_candidates_202306,VERIFIED,2026-07-02T13:31:04.235092+00:00
BINANCE,USD_M_FUTURES,PERPETUAL,BTCUSDT,1h,1686700800000,1686704399999,1686704400000,498299,0.0385389870021658,0.0385908921643828,0.0386101131463747,0.0384298338480541,1.8461325446242047,1686700800005,1686704399997,4300.0,0,data/research/binance_public/cost_pilot/raw/data/futures/um/daily/bookTicker/BTCUSDT/BTCUSDT-bookTicker-2023-06-14.zip,1ae66435cf131548a3b28a96666b10c8e51dab022b2be32bbcd621bdc1b0a41d,sprint7_cost_all_candidates_202306,VERIFIED,2026-07-02T13:32:04.112728+00:00
BINANCE,USD_M_FUTURES,PERPETUAL,BTCUSDT,1h,1686873600000,1686877199999,1686877200000,1,0.0390837976157104,0.0390837976157104,0.0390837976157104,0.0390837976157104,0.0390837976157104,1686873600003,1686873600003,0.0,0,data/research/binance_public/cost_pilot/raw/data/futures/um/daily/bookTicker/BTCUSDT/BTCUSDT-bookTicker-2023-06-15.zip,4ae9647c2c35e0c1f1de363272311bb720bf4c2938143e8600ba76132197f721,sprint7_cost_all_candidates_202306,VERIFIED,2026-07-02T13:33:03.272811+00:00
BINANCE,USD_M_FUTURES,PERPETUAL,BTCUSDT,1h,1686873600000,1686877199999,1686877200000,453480,0.0392248387363109,0.0392928080403084,0.039309953084429,0.0390798264082641,7.157126453054256,1686873600012,1686877199995,4000.0,0,data/research/binance_public/cost_pilot/raw/data/futures/um/daily/bookTicker/BTCUSDT/BTCUSDT-bookTicker-2023-06-16.zip,e6d893f5d25ecc6f8e053943d411ab5cae2c12e5861305d30197fe0495b639d9,sprint7_cost_all_candidates_202306,VERIFIED,2026-07-02T13:33:31.508283+00:00
BINANCE,USD_M_FUTURES,PERPETUAL,BTCUSDT,1h,1687478400000,1687481999999,1687482000000,1,0.0334727473254588,0.0334727473254588,0.0334727473254588,0.0334727473254588,0.0334727473254588,1687478400000,1687478400000,0.0,0,data/research/binance_public/cost_pilot/raw/data/futures/um/daily/bookTicker/BTCUSDT/BTCUSDT-bookTicker-2023-06-22.zip,2a6c86e7058e2f0992661fac9ce253840fe6cb2525a596d9f8fec4f7073d9b05,sprint7_cost_all_candidates_202306,VERIFIED,2026-07-02T13:36:45.863837+00:00
BINANCE,USD_M_FUTURES,PERPETUAL,BTCUSDT,1h,1687478400000,1687481999999,1687482000000,504307,0.0333428360411199,0.0334529275488353,0.0334748762692192,0.0332790330439315,2.299904170660041,1687478400008,1687481999943,2966.0,0,data/research/binance_public/cost_pilot/raw/data/futures/um/daily/bookTicker/BTCUSDT/BTCUSDT-bookTicker-2023-06-23.zip,c1930f5d2db57b5110eb85d6ae2f290fc1140fe68dc5531695fb900efc964d00,sprint7_cost_all_candidates_202306,VERIFIED,2026-07-02T13:37:18.456746+00:00
BINANCE,USD_M_FUTURES,PERPETUAL,BTCUSDT,1h,1687824000000,1687827599999,1687827600000,3,0.0330467628224522,0.0330467628224522,0.0330467628224522,0.0330467628224522,0.0330467628224522,1687824000000,1687824000004,4.0,0,data/research/binance_public/cost_pilot/raw/data/futures/um/daily/bookTicker/BTCUSDT/BTCUSDT-bookTicker-2023-06-26.zip,44bc6d4ef063be80bd769caf4a2c216743be68d46ba294c2f54748b734f47f7c,sprint7_cost_all_candidates_202306,VERIFIED,2026-07-02T13:38:50.189953+00:00
BINANCE,USD_M_FUTURES,PERPETUAL,BTCUSDT,1h,1687824000000,1687827599999,1687827600000,451082,0.0330228633789802,0.0330817466507817,0.0330951037443948,0.0329252251681023,5.30838939838875,1687824000006,1687827599988,2921.0,0,data/research/binance_public/cost_pilot/raw/data/futures/um/daily/bookTicker/BTCUSDT/BTCUSDT-bookTicker-2023-06-27.zip,d7f871dfdd86ef1b6fcbea4c4461f213259994dee9d95aa21a7444831ec6ca00,sprint7_cost_all_candidates_202306,VERIFIED,2026-07-02T13:39:18.961882+00:00
BINANCE,USD_M_FUTURES,PERPETUAL,BTCUSDT,1h,1687910400000,1687913999999,1687914000000,1,0.0325910716754401,0.0325910716754401,0.0325910716754401,0.0325910716754401,0.0325910716754401,1687910400004,1687910400004,0.0,0,data/research/binance_public/cost_pilot/raw/data/futures/um/daily/bookTicker/BTCUSDT/BTCUSDT-bookTicker-2023-06-27.zip,d7f871dfdd86ef1b6fcbea4c4461f213259994dee9d95aa21a7444831ec6ca00,sprint7_cost_all_candidates_202306,VERIFIED,2026-07-02T13:39:22.168826+00:00
BINANCE,USD_M_FUTURES,PERPETUAL,BTCUSDT,1h,1687910400000,1687913999999,1687914000000,577577,0.032762769698548,0.0328253608733334,0.0328401293239513,0.0325714332240164,2.230107766678016,1687910400017,1687913999999,1233.0,0,data/research/binance_public/cost_pilot/raw/data/futures/um/daily/bookTicker/BTCUSDT/BTCUSDT-bookTicker-2023-06-28.zip,eb6beae7bd600fa63d781b00bde7aea1c1b70fb192c6e6b2115c5e490082a7b2,sprint7_cost_all_candidates_202306,VERIFIED,2026-07-02T13:39:51.528459+00:00
BINANCE,USD_M_FUTURES,PERPETUAL,DOGEUSDT,1h,1686787200000,1686790799999,1686790800000,1,1.6576875259018753,1.6576875259018753,1.6576875259018753,1.6576875259018753,1.6576875259018753,1686787200004,1686787200004,0.0,0,data/research/binance_public/cost_pilot/raw/data/futures/um/daily/bookTicker/DOGEUSDT/DOGEUSDT-bookTicker-2023-06-14.zip,5f8a318b6bc0e878add9a9d08dd9ba147806d338c7f92f787f423dc58fdd5dae,sprint7_cost_all_candidates_202306,VERIFIED,2026-07-02T13:42:50.747051+00:00
BINANCE,USD_M_FUTURES,PERPETUAL,DOGEUSDT,1h,1686787200000,1686790799999,1686790800000,74106,1.6607157684967302,1.663755095249334,1.6640319494139384,1.6565890830784495,3.328340822100047,1686787203967,1686790799952,1602.0,0,data/research/binance_public/cost_pilot/raw/data/futures/um/daily/bookTicker/DOGEUSDT/DOGEUSDT-bookTicker-2023-06-15.zip,23d18133cd037adabe52d94757997d61ba137f1697e90ffa4f05bb8ecf59fbc4,sprint7_cost_all_candidates_202306,VERIFIED,2026-07-02T13:42:58.644953+00:00
BINANCE,USD_M_FUTURES,PERPETUAL,DOGEUSDT,1h,1686873600000,1686877199999,1686877200000,1,1.6258840744659884,1.6258840744659884,1.6258840744659884,1.6258840744659884,1.6258840744659884,1686873600001,1686873600001,0.0,0,data/research/binance_public/cost_pilot/raw/data/futures/um/daily/bookTicker/DOGEUSDT/DOGEUSDT-bookTicker-2023-06-15.zip,23d18133cd037adabe52d94757997d61ba137f1697e90ffa4f05bb8ecf59fbc4,sprint7_cost_all_candidates_202306,VERIFIED,2026-07-02T13:42:59.202846+00:00
BINANCE,USD_M_FUTURES,PERPETUAL,DOGEUSDT,1h,1686873600000,1686877199999,1686877200000,80825,1.6295934164430963,1.6333197223361473,1.636259510758907,1.6232448664874803,3.2738582419379907,1686873600012,1686877199247,2901.0,0,data/research/binance_public/cost_pilot/raw/data/futures/um/daily/bookTicker/DOGEUSDT/DOGEUSDT-bookTicker-2023-06-16.zip,bb52854d46da85ca1d9079d4a10bf8caa051efb08fa758210e36a990f77a826f,sprint7_cost_all_candidates_202306,VERIFIED,2026-07-02T13:43:06.161094+00:00
BINANCE,USD_M_FUTURES,PERPETUAL,DOTUSDT,1h,1685836800000,1685840399999,1685840400000,1,1.8728345350677889,1.8728345350677889,1.8728345350677889,1.8728345350677889,1.8728345350677889,1685836800002,1685836800002,0.0,0,data/research/binance_public/cost_pilot/raw/data/futures/um/daily/bookTicker/DOTUSDT/DOTUSDT-bookTicker-2023-06-03.zip,a402fb904090fa19b080532ba5e6086796a451ab95ca7e683d8c85abe8b8d7ed,sprint7_cost_pilot_202306,VERIFIED,2026-07-01T20:43:32.544326+00:00
BINANCE,USD_M_FUTURES,PERPETUAL,DOTUSDT,1h,1685836800000,1685840399999,1685840400000,72779,1.867588010085599,1.876700760062768,1.880582980722982,1.8571826539129832,5.610098176718306,1685836800037,1685840399702,2984.0,0,data/research/binance_public/cost_pilot/raw/data/futures/um/daily/bookTicker/DOTUSDT/DOTUSDT-bookTicker-2023-06-04.zip,200391f5e2a64e3a8df1ab89280d110ce85426918549bf5d63435645dcecbc71,sprint7_cost_pilot_202306,VERIFIED,2026-07-01T20:43:40.181634+00:00
BINANCE,USD_M_FUTURES,PERPETUAL,DOTUSDT,1h,1686700800000,1686704399999,1686704400000,1,2.1623959346963653,2.1623959346963653,2.1623959346963653,2.1623959346963653,2.1623959346963653,1686700800002,1686700800002,0.0,0,data/research/binance_public/cost_pilot/raw/data/futures/um/daily/bookTicker/DOTUSDT/DOTUSDT-bookTicker-2023-06-13.zip,434d5808ee7c395cc225d525f54a98a1fa31f1908d8283a554169319d9450738,sprint7_cost_pilot_202306,VERIFIED,2026-07-01T20:45:08.891748+00:00
BINANCE,USD_M_FUTURES,PERPETUAL,DOTUSDT,1h,1686700800000,1686704399999,1686704400000,61147,2.1609940572670645,2.1661431820650576,2.167551750296837,2.1563342318066505,4.335573379578972,1686700800016,1686704399755,3853.0,0,data/research/binance_public/cost_pilot/raw/data/futures/um/daily/bookTicker/DOTUSDT/DOTUSDT-bookTicker-2023-06-14.zip,185b1f035ac8d4dd7828e7901967ca0712e7d0d05e40266c8f536317237563b1,sprint7_cost_pilot_202306,VERIFIED,2026-07-01T20:45:18.539192+00:00
BINANCE,USD_M_FUTURES,PERPETUAL,ETHUSDT,1h,1685664000000,1685667599999,1685667600000,1,0.0537462478400237,0.0537462478400237,0.0537462478400237,0.0537462478400237,0.0537462478400237,1685664000002,1685664000002,0.0,0,data/research/binance_public/cost_pilot/raw/data/futures/um/daily/bookTicker/ETHUSDT/ETHUSDT-bookTicker-2023-06-01.zip,934e1464b24726be58c27c884b4b3c312b2b40ef7b5cb88c5272e20379bae752,sprint7_cost_all_candidates_202306,VERIFIED,2026-07-02T13:45:14.036061+00:00
BINANCE,USD_M_FUTURES,PERPETUAL,ETHUSDT,1h,1685664000000,1685667599999,1685667600000,341017,0.0537748607902802,0.0540442676595908,0.2705488624770616,0.0536493638526193,9.686697566690553,1685664000017,1685667599992,1796.0,0,data/research/binance_public/cost_pilot/raw/data/futures/um/daily/bookTicker/ETHUSDT/ETHUSDT-bookTicker-2023-06-02.zip,bfc8a30e7cc214ec448f7abd8c561eea1654a5d7f8fc0c38ffbd5cd7881bde1c,sprint7_cost_all_candidates_202306,VERIFIED,2026-07-02T13:45:31.555891+00:00
BINANCE,USD_M_FUTURES,PERPETUAL,ETHUSDT,1h,1685923200000,1685926799999,1685926800000,2,0.0529510970143042,0.0529510970143042,0.0529510970143042,0.0529510970143042,0.0529510970143042,1685923200001,1685923200002,1.0,0,data/research/binance_public/cost_pilot/raw/data/futures/um/daily/bookTicker/ETHUSDT/ETHUSDT-bookTicker-2023-06-04.zip,f6455a0151fa7ab6019cd4766caeb8aa2eb4d4525c619016f2d3d6c10a5d8ba1,sprint7_cost_all_candidates_202306,VERIFIED,2026-07-02T13:46:02.801577+00:00
BINANCE,USD_M_FUTURES,PERPETUAL,ETHUSDT,1h,1685923200000,1685926799999,1685926800000,380098,0.0530398461856038,0.0531992711699365,0.1589542926929915,0.0529099129366901,12.906138382484109,1685923200012,1685926799884,3147.0,0,data/research/binance_public/cost_pilot/raw/data/futures/um/daily/bookTicker/ETHUSDT/ETHUSDT-bookTicker-2023-06-05.zip,83b8fd01231d12361d69080920293cc24d6dc409f6b257405157949093ae2e8e,sprint7_cost_all_candidates_202306,VERIFIED,2026-07-02T13:46:21.992327+00:00
BINANCE,USD_M_FUTURES,PERPETUAL,ETHUSDT,1h,1686009600000,1686013199999,1686013200000,2,0.0552478556925506,0.0552478556925506,0.0552478556925506,0.0552478556925506,0.0552478556925506,1686009600003,1686009600003,0.0,0,data/research/binance_public/cost_pilot/raw/data/futures/um/daily/bookTicker/ETHUSDT/ETHUSDT-bookTicker-2023-06-05.zip,83b8fd01231d12361d69080920293cc24d6dc409f6b257405157949093ae2e8e,sprint7_cost_all_candidates_202306,VERIFIED,2026-07-02T13:46:23.945001+00:00
BINANCE,USD_M_FUTURES,PERPETUAL,ETHUSDT,1h,1686009600000,1686013199999,1686013200000,211177,0.0552487714053956,0.055297041884694,0.0553074402333471,0.0552069847876651,2.100677744978325,1686009600011,1686013199996,3278.0,0,data/research/binance_public/cost_pilot/raw/data/futures/um/daily/bookTicker/ETHUSDT/ETHUSDT-bookTicker-2023-06-06.zip,2980bc96b62d0920d1fb0d98782beba82cd25f6f39744c700680cec03003e1ba,sprint7_cost_all_candidates_202306,VERIFIED,2026-07-02T13:46:44.595675+00:00
BINANCE,USD_M_FUTURES,PERPETUAL,ETHUSDT,1h,1686096000000,1686099599999,1686099600000,2,0.0530992717434397,0.0530992717434397,0.0530992717434397,0.0530992717434397,0.0530992717434397,1686096000001,1686096000001,0.0,0,data/research/binance_public/cost_pilot/raw/data/futures/um/daily/bookTicker/ETHUSDT/ETHUSDT-bookTicker-2023-06-06.zip,2980bc96b62d0920d1fb0d98782beba82cd25f6f39744c700680cec03003e1ba,sprint7_cost_all_candidates_202306,VERIFIED,2026-07-02T13:46:46.745871+00:00
BINANCE,USD_M_FUTURES,PERPETUAL,ETHUSDT,1h,1686096000000,1686099599999,1686099600000,356675,0.0530420968601248,0.0531585480273708,0.1058195459282321,0.0527110616798008,4.642966433462501,1686096000020,1686099599996,1424.0,0,data/research/binance_public/cost_pilot/raw/data/futures/um/daily/bookTicker/ETHUSDT/ETHUSDT-bookTicker-2023-06-07.zip,fcc97372536374d862ee8145bc510dfbbb6e4b9ef3e5dfe06b66d130e6d95251,sprint7_cost_all_candidates_202306,VERIFIED,2026-07-02T13:47:07.318941+00:00
BINANCE,USD_M_FUTURES,PERPETUAL,ETHUSDT,1h,1686182400000,1686185999999,1686186000000,1,0.054605570314178,0.054605570314178,0.054605570314178,0.054605570314178,0.054605570314178,1686182400001,1686182400001,0.0,0,data/research/binance_public/cost_pilot/raw/data/futures/um/daily/bookTicker/ETHUSDT/ETHUSDT-bookTicker-2023-06-07.zip,fcc97372536374d862ee8145bc510dfbbb6e4b9ef3e5dfe06b66d130e6d95251,sprint7_cost_all_candidates_202306,VERIFIED,2026-07-02T13:47:09.436955+00:00
BINANCE,USD_M_FUTURES,PERPETUAL,ETHUSDT,1h,1686182400000,1686185999999,1686186000000,268915,0.0545308303681698,0.0546201848892761,0.0546333148490121,0.0544023762957471,1.9624196634457216,1686182400015,1686185999999,1865.0,0,data/research/binance_public/cost_pilot/raw/data/futures/um/daily/bookTicker/ETHUSDT/ETHUSDT-bookTicker-2023-06-08.zip,f054c8269b69bd333574e915ab1007c6de44dcfed303532d749b4b933a88b521,sprint7_cost_all_candidates_202306,VERIFIED,2026-07-02T13:47:25.777048+00:00
BINANCE,USD_M_FUTURES,PERPETUAL,ETHUSDT,1h,1686528000000,1686531599999,1686531600000,1,0.0570839790957949,0.0570839790957949,0.0570839790957949,0.0570839790957949,0.0570839790957949,1686528000000,1686528000000,0.0,0,data/research/binance_public/cost_pilot/raw/data/futures/um/daily/bookTicker/ETHUSDT/ETHUSDT-bookTicker-2023-06-11.zip,b1a81892e3da5c0ad01c846c9b141c02896883bf1a26837476608b583e617128,sprint7_cost_all_candidates_202306,VERIFIED,2026-07-02T13:48:30.727244+00:00
BINANCE,USD_M_FUTURES,PERPETUAL,ETHUSDT,1h,1686528000000,1686531599999,1686531600000,369458,0.0571789615728268,0.057332710317829,0.1141555313186071,0.0569811933570806,1.204587758520516,1686528000012,1686531599992,1690.0,0,data/research/binance_public/cost_pilot/raw/data/futures/um/daily/bookTicker/ETHUSDT/ETHUSDT-bookTicker-2023-06-12.zip,c8fed7dd25256688e1143b95b62e099bab13e592ab8844fd7617d638f20ede6b,sprint7_cost_all_candidates_202306,VERIFIED,2026-07-02T13:48:50.800872+00:00
BINANCE,USD_M_FUTURES,PERPETUAL,ETHUSDT,1h,1687392000000,1687395599999,1687395600000,1,0.0529575465827337,0.0529575465827337,0.0529575465827337,0.0529575465827337,0.0529575465827337,1687392000000,1687392000000,0.0,0,data/research/binance_public/cost_pilot/raw/data/futures/um/daily/bookTicker/ETHUSDT/ETHUSDT-bookTicker-2023-06-21.zip,b07c12f6d9ee6f3fdffdb72580fc75091e4ba45f1fee42879931c7e09c06b53b,sprint7_cost_all_candidates_202306,VERIFIED,2026-07-02T13:52:58.101099+00:00
BINANCE,USD_M_FUTURES,PERPETUAL,ETHUSDT,1h,1687392000000,1687395599999,1687395600000,434581,0.0524165332228614,0.0530685566148146,0.1573284373165312,0.0520598792730926,15.31197495734368,1687392000012,1687395599994,3099.0,0,data/research/binance_public/cost_pilot/raw/data/futures/um/daily/bookTicker/ETHUSDT/ETHUSDT-bookTicker-2023-06-22.zip,19a06252397c252cd077d25f8cb9f08f957fda3e13df161bd7e785b6ddd26634,sprint7_cost_all_candidates_202306,VERIFIED,2026-07-02T13:53:18.484283+00:00
BINANCE,USD_M_FUTURES,PERPETUAL,ETHUSDT,1h,1687737600000,1687741199999,1687741200000,2,0.0526796838164898,0.0526796838164898,0.0526796838164898,0.0526796838164898,0.0526796838164898,1687737600000,1687737600003,3.0,0,data/research/binance_public/cost_pilot/raw/data/futures/um/daily/bookTicker/ETHUSDT/ETHUSDT-bookTicker-2023-06-25.zip,ed178ed31df9ba566d73375b1ad84726611f7dad52e06cd6cb609e42f92bc692,sprint7_cost_all_candidates_202306,VERIFIED,2026-07-02T13:54:24.110502+00:00
BINANCE,USD_M_FUTURES,PERPETUAL,ETHUSDT,1h,1687737600000,1687741199999,1687741200000,389344,0.0527427551232514,0.0529250343350678,0.1053036166526181,0.0525211463264919,3.943228031619432,1687737600016,1687741199990,2287.0,0,data/research/binance_public/cost_pilot/raw/data/futures/um/daily/bookTicker/ETHUSDT/ETHUSDT-bookTicker-2023-06-26.zip,5fcc657abafd9a04283849d29fed1f351665dcade92841068df697c9de632fc2,sprint7_cost_all_candidates_202306,VERIFIED,2026-07-02T13:54:44.508467+00:00
BINANCE,USD_M_FUTURES,PERPETUAL,ETHUSDT,1h,1687910400000,1687913999999,1687914000000,1,0.05293652117059,0.05293652117059,0.05293652117059,0.05293652117059,0.05293652117059,1687910400001,1687910400001,0.0,0,data/research/binance_public/cost_pilot/raw/data/futures/um/daily/bookTicker/ETHUSDT/ETHUSDT-bookTicker-2023-06-27.zip,6c8e3d9239f65acf5f3c4cb1756eb412e9ecedc51d2e6752a90943a3beb8ec62,sprint7_cost_all_candidates_202306,VERIFIED,2026-07-02T13:55:07.301635+00:00
BINANCE,USD_M_FUTURES,PERPETUAL,ETHUSDT,1h,1687910400000,1687913999999,1687914000000,463318,0.0534626416425375,0.0536093859312401,0.2130010177344462,0.0529199929086728,8.420558954572442,1687910400008,1687913999989,1986.0,0,data/research/binance_public/cost_pilot/raw/data/futures/um/daily/bookTicker/ETHUSDT/ETHUSDT-bookTicker-2023-06-28.zip,2e599b0129bfea8b6f06375757bbd7874b26392a73efaa55db29d11b05ef3019,sprint7_cost_all_candidates_202306,VERIFIED,2026-07-02T13:55:26.778008+00:00
BINANCE,USD_M_FUTURES,PERPETUAL,LTCUSDT,1h,1687478400000,1687481999999,1687482000000,1,1.1643476742161163,1.1643476742161163,1.1643476742161163,1.1643476742161163,1.1643476742161163,1687478400002,1687478400002,0.0,0,data/research/binance_public/cost_pilot/raw/data/futures/um/daily/bookTicker/LTCUSDT/LTCUSDT-bookTicker-2023-06-22.zip,cfe30714bf9672403091e58a63affb9e9aaecf26e66337d3839964fc951fd68f,sprint7_cost_all_candidates_202306,VERIFIED,2026-07-02T14:02:58.854814+00:00
BINANCE,USD_M_FUTURES,PERPETUAL,LTCUSDT,1h,1687478400000,1687481999999,1687482000000,124400,1.1533360244496749,1.1615076369116564,2.3062730627318078,1.14988788593171,4.614674665436808,1687478404070,1687481999523,1678.0,0,data/research/binance_public/cost_pilot/raw/data/futures/um/daily/bookTicker/LTCUSDT/LTCUSDT-bookTicker-2023-06-23.zip,ebf7f17f1e6fdcc6874d8070278a997d47619ce30a4157c97ede66cb01453220,sprint7_cost_all_candidates_202306,VERIFIED,2026-07-02T14:03:08.757146+00:00
BINANCE,USD_M_FUTURES,PERPETUAL,SOLUSDT,1h,1686700800000,1686704399999,1686704400000,1,0.6655352567298564,0.6655352567298564,0.6655352567298564,0.6655352567298564,0.6655352567298564,1686700800001,1686700800001,0.0,0,data/research/binance_public/cost_pilot/raw/data/futures/um/daily/bookTicker/SOLUSDT/SOLUSDT-bookTicker-2023-06-13.zip,b093496c1bb1596f3b94684d8d7ecf4cc5b277681533e4d0485d21fa79455013,sprint7_cost_all_candidates_202306,VERIFIED,2026-07-02T14:06:32.999294+00:00
BINANCE,USD_M_FUTURES,PERPETUAL,SOLUSDT,1h,1686700800000,1686704399999,1686704400000,128109,0.6662447116822318,1.3277567549629343,1.3373453694409172,0.662536853612115,5.32056397978127,1686700800017,1686704399998,4331.0,0,data/research/binance_public/cost_pilot/raw/data/futures/um/daily/bookTicker/SOLUSDT/SOLUSDT-bookTicker-2023-06-14.zip,51d1a47a9a256a58523280ba0a8b3972aa506ee2411ae42fee91f0758418405a,sprint7_cost_all_candidates_202306,VERIFIED,2026-07-02T14:06:42.475204+00:00
