variant,max_half_life_hours,pair,funding_carry_bps_per_day,unresolved_no_data_count,trade_count,gross_pnl_bps,cost_bps,net_pnl_bps,hit_rate,profit_factor,sharpe,sortino,max_drawdown_bps,avg_win_bps,avg_loss_bps,avg_bars_held,turnover_notional,profit_count,stop_count,vertical_count,profit_factor_gate_pass
max_half_life_240h,240.0,ADAUSDT/ARBUSDT,6.0,0,1581,-20040.990759254506,20860.75,-40901.7407592545,0.540796963946869,0.6717930627615716,-0.13055782600374588,-0.13443529954434216,42955.44798899174,97.9182031741313,-171.65537806217185,4.7786211258697024,1581000.0,1074,211,296,False
max_half_life_240h,240.0,ADAUSDT/ATOMUSDT,6.0,0,1559,-11035.344151594456,20522.75,-31558.09415159445,0.5580500320718409,0.7210882048345503,-0.1100193131431984,-0.11569273699702368,34390.16825450097,93.780604025415,-164.21947700102396,4.656189865298268,1559000.0,1069,171,319,False
max_half_life_240h,240.0,ADAUSDT/AVAXUSDT,6.0,0,1532,-532.9158375502647,19862.5,-20395.41583755027,0.5731070496083551,0.7917757435485395,-0.07892315898589189,-0.08179836836517454,22414.71800470739,88.33014053769858,-149.7695401064979,3.8603133159268928,1532000.0,1062,165,305,False
max_half_life_240h,240.0,ADAUSDT/DOGEUSDT,5.8266,0,1561,-4755.374792497311,20373.159,-25128.5337924973,0.5810377962844331,0.7693579983765847,-0.088152649099544,-0.09206580117625582,25551.69041043741,92.41658932549599,-166.59079558214398,4.3305573350416395,1561000.0,1084,177,300,False
max_half_life_240h,240.0,ADAUSDT/DOTUSDT,6.0,0,1569,13435.425590053868,20622.0,-7186.574409946114,0.5729764181007011,0.9199308145634717,-0.02879819430280711,-0.032387710181779605,11639.031782179447,91.84425401587187,-133.96202801524615,4.573613766730402,1569000.0,1123,147,299,False
max_half_life_240h,240.0,ADAUSDT/ETCUSDT,6.0,0,1547,-1322.906597263746,20029.0,-21351.906597263744,0.5966386554621849,0.7904380654649955,-0.07622660259080431,-0.07445717630653423,23998.561199424923,87.25501703451907,-163.28251173096928,3.7879767291531996,1547000.0,1081,175,291,False
max_half_life_240h,240.0,ADAUSDT/ETHUSDT,5.0808,0,1446,660.9090093170668,18110.5211,-17449.612090682942,0.5629322268326418,0.7850618091783228,-0.07473664768837292,-0.07150966224778948,19261.775928002186,78.29817397663443,-128.4562115627585,2.4778699861687414,1446000.0,990,111,345,False
max_half_life_240h,240.0,ADAUSDT/LINKUSDT,6.0,0,1503,-2527.7233596771775,19558.25,-22085.97335967717,0.5775116433799069,0.7781541941539084,-0.08381046899543575,-0.08679569146348495,24677.321112416375,89.25062353223362,-156.78033793016687,4.051230871590153,1503000.0,1062,178,263,False
max_half_life_240h,240.0,ADAUSDT/SOLUSDT,5.603400000000001,0,1504,-2270.243773033476,19220.277975,-21490.52174803347,0.5757978723404256,0.7833999982024689,-0.07929498467329205,-0.07920526856150256,25624.502125020255,89.7540754717713,-155.51340298838153,3.33843085106383,1504000.0,1033,134,337,False
max_half_life_240h,240.0,ADAUSDT/XRPUSDT,6.0,0,1567,-24308.076581020552,20777.0,-45085.076581020556,0.5654116145500957,0.6643449055873645,-0.13100226436277354,-0.12718813324527084,46669.041139419474,100.71622880187607,-197.23884772317584,5.036375239310785,1567000.0,1064,199,304,False
max_half_life_240h,240.0,ARBUSDT/ATOMUSDT,6.0,0,1570,13313.560451645477,20600.25,-7286.68954835454,0.5802547770700637,0.9334711874104957,-0.025631864528929398,-0.03035385038430396,14837.53135606505,112.22846812919705,-166.20155389082407,4.484713375796178,1570000.0,1117,191,262,False
max_half_life_240h,240.0,ARBUSDT/AVAXUSDT,6.0,0,1536,-2621.5635271932674,19939.0,-22560.563527193262,0.58984375,0.7990218558650912,-0.07983979297722274,-0.08779777903139478,28665.333505627856,98.99917445046678,-178.18065964970822,3.9244791666666665,1536000.0,1076,168,292,False
max_half_life_240h,240.0,ARBUSDT/DOTUSDT,6.0,0,1603,6968.885004276184,21058.25,-14089.364995723829,0.5720524017467249,0.872508693330596,-0.04820480960013774,-0.05353830547773308,19827.809177059804,105.15048371062458,-161.09673259237113,4.547099189020586,1603000.0,1139,192,272,False
max_half_life_240h,240.0,ARBUSDT/ETCUSDT,6.0,0,1536,13007.216547508548,19954.75,-6947.533452491441,0.5904947916666666,0.9296470197215121,-0.025575643819171934,-0.03027184003402093,15989.194849403542,101.21827724074178,-156.99922243218478,3.9654947916666665,1536000.0,1073,163,300,False
max_half_life_240h,240.0,ARBUSDT/ETHUSDT,5.0808,1,1387,1680.002441292509,17404.8498,-15724.847358707495,0.5565969718817592,0.7981183687431355,-0.07057813712262899,-0.06827981965436913,17909.364774407022,80.52665124651207,-126.65271889595907,2.591204037490988,1387000.0,972,90,325,False
max_half_life_240h,240.0,ARBUSDT/LINKUSDT,6.0,1,1466,-5657.844812761801,19111.0,-24768.844812761792,0.5641200545702592,0.7702634973807134,-0.09243794158001634,-0.10105573433680572,30868.627378438625,100.41753457166294,-168.72323302586392,4.144611186903138,1466000.0,1020,176,270,False
max_half_life_240h,240.0,ARBUSDT/OPUSDT,6.0,0,1578,13695.572370172325,20825.75,-7130.1776298276745,0.5906210392902408,0.9245205128568724,-0.02911618028914112,-0.03681532455912106,19265.76424695176,93.70700292670911,-146.23081169894826,4.7902408111533585,1578000.0,1101,161,316,False
max_half_life_240h,240.0,ATOMUSDT/DOTUSDT,6.0,0,1629,8032.073226351659,21398.0,-13365.926773648334,0.5788827501534684,0.8491130991755849,-0.056502480583543895,-0.05827037292563823,20783.866214299625,79.76298293782,-129.12889166765683,4.542664211172498,1629000.0,1131,178,320,False
max_half_life_240h,240.0,ATOMUSDT/ETCUSDT,6.0,0,1588,5135.816875526068,20581.0,-15445.183124473926,0.5610831234256927,0.8366818456914611,-0.06433637247239476,-0.07461468510234462,18568.90978739802,88.80578147738646,-135.68311968554556,3.841309823677582,1588000.0,1089,191,308,False
max_half_life_240h,240.0,AVAXUSDT/DOTUSDT,6.0,0,1589,14336.214034543606,20854.75,-6518.535965456385,0.5966016362492134,0.9334419325738684,-0.024087777063238468,-0.026202854152691406,11923.38343216365,96.43358936324846,-152.78873429300455,4.497797356828194,1589000.0,1118,163,308,False
max_half_life_240h,240.0,AVAXUSDT/ETCUSDT,6.0,0,1598,-7696.210075743574,20799.5,-28495.710075743555,0.5832290362953693,0.7602243190276132,-0.09254415147910397,-0.09775842587255118,32551.908615543078,96.9393707503509,-178.4432486712772,4.0638297872340425,1598000.0,1122,167,309,False
max_half_life_240h,240.0,AVAXUSDT/ETHUSDT,5.0808,0,1449,-10210.50444049097,18177.4293,-28387.933740490986,0.5458937198067633,0.6965856809313732,-0.11281354445654217,-0.10960446271578898,29254.237904263187,82.39403460502164,-142.1909044271476,2.5734989648033126,1449000.0,949,120,380,False
max_half_life_240h,240.0,AVAXUSDT/LINKUSDT,6.0,0,1529,-274.1397609176215,19961.0,-20235.13976091763,0.565729234793983,0.8032724974394319,-0.07848590703906164,-0.09206649332513496,21590.182520215145,95.51859374286298,-154.90771588628633,4.219751471550032,1529000.0,1082,168,279,False
max_half_life_240h,240.0,AVAXUSDT/SOLUSDT,5.603400000000001,0,1442,231.0302021908352,18445.69275,-18214.662547809156,0.5721220527045769,0.8019437615087625,-0.0761859752291393,-0.08190749700831014,20412.08220602943,89.39692238183734,-149.05530553132087,3.391123439667129,1442000.0,1027,131,284,False
max_half_life_240h,240.0,BTCUSDT/ETHUSDT,4.0707,0,1553,142.5037239282892,19323.609075,-19181.10535107171,0.49130714745653575,0.5867797729551749,-0.18053934890613596,-0.21179312077042,19212.519935975695,35.69789891909367,-58.75772433713947,2.610431423052157,1553000.0,1064,98,391,False
max_half_life_240h,240.0,BTCUSDT/SOLUSDT,4.5933,0,1619,2730.900959612689,20472.592975,-17741.69201538731,0.525633106856084,0.6798520149000616,-0.13340547714939896,-0.14765047326018427,17848.44429478333,44.271994919756324,-72.15776001575513,3.3712168004941323,1619000.0,1121,136,362,False
max_half_life_240h,240.0,DOGEUSDT/DOTUSDT,5.8266,0,1619,11715.985896409871,21159.95685,-9443.970953590155,0.5985176034589252,0.91855673036685,-0.029885238149159794,-0.03460289974116716,20310.834226431325,109.92124752546638,-178.39639970118014,4.406423718344657,1619000.0,1150,194,275,False
max_half_life_240h,240.0,DOGEUSDT/ETCUSDT,5.8266,0,1568,11388.877100881227,20266.580625,-8877.703524118788,0.6020408163265306,0.9161340975892832,-0.02887527396378337,-0.03024198101823653,13925.390212255494,102.73117753484813,-169.64092166188368,3.8105867346938775,1568000.0,1092,165,311,False
max_half_life_240h,240.0,DOGEUSDT/ETHUSDT,4.9074,0,1455,5137.170551005232,18190.998125000002,-13053.82757399479,0.563573883161512,0.8474935526135544,-0.05405943666512256,-0.05540059451271427,14546.230348932388,88.46514996643265,-134.79567015192058,2.457044673539519,1455000.0,972,120,363,False
max_half_life_240h,240.0,DOTUSDT/ETCUSDT,6.0,0,1500,-594.131315863338,19453.5,-20047.631315863327,0.5766666666666667,0.7788085942370484,-0.08545396524189348,-0.09092787059301422,21786.36674839505,81.60362398195191,-142.73191505551455,3.876,1500000.0,1036,170,294,False
max_half_life_240h,240.0,DOTUSDT/ETHUSDT,5.0808,0,1428,-5549.953090843473,17895.1562,-23445.109290843473,0.5602240896358543,0.705983808820524,-0.10387348480433087,-0.09541459771988237,23648.257445096562,70.36971114143246,-126.97592070698956,2.511204481792717,1428000.0,1018,100,310,False
max_half_life_240h,240.0,DOTUSDT/LINKUSDT,6.0,0,1519,4899.003489029578,19789.0,-14889.996510970412,0.575378538512179,0.8330101145113719,-0.06114378858004196,-0.06337561999463666,17172.398519948318,84.98519419862352,-138.24349804739126,4.110599078341014,1519000.0,1090,149,280,False
max_half_life_240h,240.0,DOTUSDT/OPUSDT,6.0,0,1542,-22770.39834320753,20400.0,-43170.398343207504,0.5590142671854734,0.6480820140010318,-0.14161501829670767,-0.14123052118284896,46655.347980827195,92.22895660251758,-180.39964549202597,4.918287937743191,1542000.0,1079,196,267,False
max_half_life_240h,240.0,ETCUSDT/ETHUSDT,5.0808,0,1400,1904.4886030932594,17503.6908,-15599.202196906743,0.5607142857142857,0.7715286599036948,-0.06776050543596937,-0.057777009089920374,15060.039833464176,67.10471945343835,-111.01854791521275,2.374285714285714,1400000.0,928,101,371,False
max_half_life_240h,240.0,ETCUSDT/LINKUSDT,6.0,1,1529,-413.28937086093305,19860.5,-20273.78937086093,0.57946370176586,0.7899325338886032,-0.07489426313889035,-0.07281401276357988,22824.86518933086,86.04634199361772,-150.0946320018759,3.9568345323741005,1529000.0,1051,188,290,False
max_half_life_240h,240.0,ETCUSDT/LTCUSDT,5.83245,0,1441,15506.159728390761,18416.690775,-2910.531046609237,0.5801526717557252,0.9599099009524954,-0.013457174779511052,-0.013894176110740921,6775.448543116765,83.36030612124222,-119.99958175862434,3.2116585704371965,1441000.0,953,124,364,False
max_half_life_240h,240.0,ETCUSDT/OPUSDT,6.0,0,1580,-11088.36038237412,20803.75,-31892.11038237413,0.5575949367088607,0.7207277082553767,-0.10894270940873495,-0.11436421441806327,33421.610173853776,93.42233546174236,-163.37222878994157,4.667721518987341,1580000.0,1024,215,341,False
max_half_life_240h,240.0,ETHUSDT/LINKUSDT,5.0808,0,1528,-26179.29368936661,19833.1424,-46012.43608936657,0.4908376963350785,0.4863300501290474,-0.23233121108687466,-0.25044079129006985,46505.40148658253,58.08458746846552,-115.13608829140837,4.628272251308901,1528000.0,969,166,393,False
max_half_life_240h,240.0,ETHUSDT/OPUSDT,5.0808,0,1607,-17559.203157810116,21089.5893,-38648.792457810094,0.5096453018046049,0.6244326514691774,-0.13862553431232916,-0.18048132561586877,40054.19370708525,78.4602709739372,-130.59359693586887,5.307405102675793,1607000.0,1068,174,365,False
max_half_life_240h,240.0,ETHUSDT/SOLUSDT,4.684200000000001,0,1537,-11248.997031968504,19515.1204,-30764.11743196851,0.5113858165256994,0.6094024952322707,-0.15906398988913228,-0.1670329573286352,31399.51939195853,61.065606940384136,-104.87574498949459,3.5705920624593364,1537000.0,1020,127,390,False
max_half_life_240h,240.0,ETHUSDT/UNIUSDT,5.0808,0,1584,-3512.35797495254,20604.8531,-24117.211074952542,0.5347222222222222,0.7142817519965817,-0.11590611290165703,-0.12931145436138197,25743.739369846746,71.18283010792688,-114.53062167756666,4.76199494949495,1584000.0,1054,159,371,False
max_half_life_12h,12.0,ADAUSDT/ARBUSDT,6.0,0,1577,-19230.6021168737,20805.0,-40035.6021168737,0.5409004438807863,0.6756100057704513,-0.12912636775971317,-0.13359483577344825,42089.30934661093,97.75206850812914,-170.46701181534235,4.771084337349397,1577000.0,1070,211,296,False
max_half_life_12h,12.0,ADAUSDT/ATOMUSDT,6.0,0,1558,-10362.32872910984,20508.75,-30871.07872910984,0.558408215661104,0.7254933072534873,-0.10811565257093543,-0.11390698487174301,33703.152832016356,93.780604025415,-163.45959917328616,4.654043645699615,1558000.0,1068,171,319,False
max_half_life_12h,12.0,ADAUSDT/AVAXUSDT,6.0,0,1530,-1070.1896348811804,19835.25,-20905.43963488118,0.5732026143790849,0.7861854317185039,-0.08143239181108115,-0.08389079390632659,22924.7418020383,87.64908991279623,-149.7300022793315,3.8568627450980393,1530000.0,1060,165,305,False
max_half_life_12h,12.0,ADAUSDT/DOGEUSDT,5.8266,0,1561,-4755.374792497311,20373.159,-25128.5337924973,0.5810377962844331,0.7693579983765847,-0.088152649099544,-0.09206580117625582,25551.69041043741,92.41658932549599,-166.59079558214398,4.3305573350416395,1561000.0,1084,177,300,False
max_half_life_12h,12.0,ADAUSDT/DOTUSDT,6.0,0,1569,13435.425590053868,20622.0,-7186.574409946114,0.5729764181007011,0.9199308145634717,-0.02879819430280711,-0.032387710181779605,11639.031782179447,91.84425401587187,-133.96202801524615,4.573613766730402,1569000.0,1123,147,299,False
max_half_life_12h,12.0,ADAUSDT/ETCUSDT,6.0,0,1543,-337.3168595729336,19972.0,-20309.316859572933,0.5975372650680493,0.797800818747779,-0.07327209150010572,-0.07150765548083939,22955.971461734105,86.91194703886214,-161.74256365443452,3.774465327284511,1543000.0,1077,175,291,False
max_half_life_12h,12.0,ADAUSDT/ETHUSDT,5.0808,0,1445,238.67536718700313,18098.309400000002,-17859.63403281301,0.5626297577854671,0.7800113029561424,-0.07670091764952573,-0.07324060972421073,19671.797870132268,77.89014966156256,-128.4562115627585,2.4788927335640136,1445000.0,989,111,345,False
max_half_life_12h,12.0,ADAUSDT/LINKUSDT,6.0,0,1502,-2409.7214786751438,19543.25,-21952.971478675136,0.5778961384820239,0.7791951653456097,-0.08334611219681456,-0.08626367930118459,24544.31923141434,89.25062353223362,-156.81784338273488,4.045938748335552,1502000.0,1061,178,263,False
max_half_life_12h,12.0,ADAUSDT/SOLUSDT,5.603400000000001,0,1504,-2270.243773033476,19220.277975,-21490.52174803347,0.5757978723404256,0.7833999982024689,-0.07929498467329205,-0.07920526856150256,25624.502125020255,89.7540754717713,-155.51340298838153,3.33843085106383,1504000.0,1033,134,337,False
max_half_life_12h,12.0,ADAUSDT/XRPUSDT,6.0,0,1565,-25020.649655374993,20751.0,-45771.649655375,0.5648562300319488,0.659233419313642,-0.13332792310824612,-0.12929001956556388,47355.614213773886,100.16742719921693,-197.23884772317584,5.037699680511182,1565000.0,1062,199,304,False
max_half_life_12h,12.0,ARBUSDT/ATOMUSDT,6.0,0,1568,13145.732976791256,20572.25,-7426.5170232087585,0.579719387755102,0.9321945369085486,-0.026143858101413602,-0.030975783300632054,14945.662674678364,112.32156984691342,-166.20155389082407,4.480229591836735,1568000.0,1115,191,262,False
max_half_life_12h,12.0,ARBUSDT/AVAXUSDT,6.0,0,1536,-2621.5635271932674,19939.0,-22560.563527193262,0.58984375,0.7990218558650912,-0.07983979297722274,-0.08779777903139478,28665.333505627856,98.99917445046678,-178.18065964970822,3.9244791666666665,1536000.0,1076,168,292,False
max_half_life_12h,12.0,ARBUSDT/DOTUSDT,6.0,0,1601,7385.892201214605,21030.0,-13644.1077987854,0.5727670206121174,0.8760382745614228,-0.04677081694410345,-0.05191012176174466,19382.551980121374,105.15048371062458,-160.91681485588913,4.542161149281699,1601000.0,1137,192,272,False
max_half_life_12h,12.0,ARBUSDT/ETCUSDT,6.0,0,1535,12850.231729000096,19942.0,-7091.768270999885,0.5902280130293159,0.9281864511022481,-0.026121130355953114,-0.030920431455907785,16030.412619817054,101.1707976146185,-156.99922243218478,3.9661237785016286,1535000.0,1072,163,300,False
max_half_life_12h,12.0,ARBUSDT/ETHUSDT,5.0808,1,1386,1276.0858416026929,17392.2147,-16116.128858397311,0.5562770562770563,0.7930949465352072,-0.07252507287151322,-0.07002931671444737,18300.64627409683,80.1235969683755,-126.65271889595907,2.590909090909091,1386000.0,971,90,325,False
max_half_life_12h,12.0,ARBUSDT/LINKUSDT,6.0,1,1465,-5613.172050689556,19097.25,-24710.42205068954,0.5645051194539249,0.7706811171574499,-0.0922529803287636,-0.10084155099673388,30810.204616366373,100.41753457166294,-168.8961177765749,4.142662116040956,1465000.0,1019,176,270,False
max_half_life_12h,12.0,ARBUSDT/OPUSDT,6.0,0,1577,13559.505487754672,20812.25,-7252.744512245333,0.5903614457831325,0.9232230296936318,-0.02963237183348358,-0.037471921955964535,19265.764246951756,93.67600413026341,-146.23081169894826,4.7894736842105265,1577000.0,1100,161,316,False
max_half_life_12h,12.0,ATOMUSDT/DOTUSDT,6.0,0,1629,8032.073226351659,21398.0,-13365.926773648334,0.5788827501534684,0.8491130991755849,-0.056502480583543895,-0.05827037292563823,20783.866214299625,79.76298293782,-129.12889166765683,4.542664211172498,1629000.0,1131,178,320,False
max_half_life_12h,12.0,ATOMUSDT/ETCUSDT,6.0,0,1586,4676.130076599814,20555.0,-15878.869923400183,0.5605296343001261,0.8320960193546801,-0.06628204922849693,-0.0768065317684885,19002.596586324296,88.51773284299783,-135.68311968554556,3.841109709962169,1586000.0,1087,191,308,False
max_half_life_12h,12.0,AVAXUSDT/DOTUSDT,6.0,0,1589,14336.214034543606,20854.75,-6518.535965456385,0.5966016362492134,0.9334419325738684,-0.024087777063238468,-0.026202854152691406,11923.38343216365,96.43358936324846,-152.78873429300455,4.497797356828194,1589000.0,1118,163,308,False
max_half_life_12h,12.0,AVAXUSDT/ETCUSDT,6.0,0,1598,-7696.210075743574,20799.5,-28495.710075743555,0.5832290362953693,0.7602243190276132,-0.09254415147910397,-0.09775842587255118,32551.908615543078,96.9393707503509,-178.4432486712772,4.0638297872340425,1598000.0,1122,167,309,False
max_half_life_12h,12.0,AVAXUSDT/ETHUSDT,5.0808,0,1449,-10210.50444049097,18177.4293,-28387.933740490986,0.5458937198067633,0.6965856809313732,-0.11281354445654217,-0.10960446271578898,29254.237904263187,82.39403460502164,-142.1909044271476,2.5734989648033126,1449000.0,949,120,380,False
max_half_life_12h,12.0,AVAXUSDT/LINKUSDT,6.0,0,1529,-274.1397609176215,19961.0,-20235.13976091763,0.565729234793983,0.8032724974394319,-0.07848590703906164,-0.09206649332513496,21590.182520215145,95.51859374286298,-154.90771588628633,4.219751471550032,1529000.0,1082,168,279,False
max_half_life_12h,12.0,AVAXUSDT/SOLUSDT,5.603400000000001,0,1442,231.0302021908352,18445.69275,-18214.662547809156,0.5721220527045769,0.8019437615087625,-0.0761859752291393,-0.08190749700831014,20412.08220602943,89.39692238183734,-149.05530553132087,3.391123439667129,1442000.0,1027,131,284,False
max_half_life_12h,12.0,BTCUSDT/ETHUSDT,4.0707,0,1553,142.5037239282892,19323.609075,-19181.10535107171,0.49130714745653575,0.5867797729551749,-0.18053934890613596,-0.21179312077042,19212.519935975695,35.69789891909367,-58.75772433713947,2.610431423052157,1553000.0,1064,98,391,False
max_half_life_12h,12.0,BTCUSDT/SOLUSDT,4.5933,0,1618,2695.264828815003,20458.4877125,-17763.222883684997,0.5253399258343634,0.6794634914099134,-0.13361508156598556,-0.14792102380927027,17869.975163081017,44.29874918637053,-72.15776001575513,3.366501854140915,1618000.0,1120,136,362,False
max_half_life_12h,12.0,DOGEUSDT/DOTUSDT,5.8266,0,1617,11490.20180955952,21132.315225,-9642.113415440512,0.5986394557823129,0.9168323347104981,-0.03054381123219334,-0.0353688851880204,20289.017778498986,109.8075722545395,-178.63766310914448,4.402597402597403,1617000.0,1148,194,275,False
max_half_life_12h,12.0,DOGEUSDT/ETCUSDT,5.8266,0,1567,11301.024160900972,20253.8523,-8952.828139099043,0.6017868538608807,0.9154244102685184,-0.029130484386772786,-0.030517356329378364,13925.390212255494,102.7604527867618,-169.64092166188368,3.811104020421187,1567000.0,1091,165,311,False
max_half_life_12h,12.0,DOGEUSDT/ETHUSDT,4.9074,0,1455,5137.170551005232,18190.998125000002,-13053.82757399479,0.563573883161512,0.8474935526135544,-0.05405943666512256,-0.05540059451271427,14546.230348932388,88.46514996643265,-134.79567015192058,2.457044673539519,1455000.0,972,120,363,False
max_half_life_12h,12.0,DOTUSDT/ETCUSDT,6.0,0,1500,-594.131315863338,19453.5,-20047.631315863327,0.5766666666666667,0.7788085942370484,-0.08545396524189348,-0.09092787059301422,21786.36674839505,81.60362398195191,-142.73191505551455,3.876,1500000.0,1036,170,294,False
max_half_life_12h,12.0,DOTUSDT/ETHUSDT,5.0808,0,1427,-6157.22218967316,17882.9445,-24040.16668967317,0.559915907498248,0.6985214204918246,-0.10711074021493658,-0.09790486457028273,24243.314843926244,69.7130306812469,-126.97592070698956,2.5122634898388227,1427000.0,1017,100,310,False
max_half_life_12h,12.0,DOTUSDT/LINKUSDT,6.0,0,1518,4603.285416045299,19775.5,-15172.214583954694,0.575098814229249,0.8298450658388793,-0.062391450003485,-0.06461935275835935,17454.616592932598,84.75926879337075,-138.24349804739126,4.10935441370224,1518000.0,1089,149,280,False
max_half_life_12h,12.0,DOTUSDT/OPUSDT,6.0,0,1541,-22989.77925083113,20385.5,-43375.2792508311,0.5587280986372486,0.6464118585438751,-0.14239740181572258,-0.14199286582291776,46860.2288884508,92.0981180995895,-180.39964549202597,4.914990266060999,1541000.0,1078,196,267,False
max_half_life_12h,12.0,ETCUSDT/ETHUSDT,5.0808,0,1400,1904.4886030932594,17503.6908,-15599.202196906743,0.5607142857142857,0.7715286599036948,-0.06776050543596937,-0.057777009089920374,15060.039833464176,67.10471945343835,-111.01854791521275,2.374285714285714,1400000.0,928,101,371,False
max_half_life_12h,12.0,ETCUSDT/LINKUSDT,6.0,1,1529,-413.28937086093305,19860.5,-20273.78937086093,0.57946370176586,0.7899325338886032,-0.07489426313889035,-0.07281401276357988,22824.86518933086,86.04634199361772,-150.0946320018759,3.9568345323741005,1529000.0,1051,188,290,False
max_half_life_12h,12.0,ETCUSDT/LTCUSDT,5.83245,0,1440,15934.649033881284,18403.2326625,-2468.583628618716,0.5805555555555556,0.9657890949536813,-0.011451976554976455,-0.011831057655915743,6775.448543116765,83.36030612124222,-119.46655553969738,3.209722222222222,1440000.0,952,124,364,False
max_half_life_12h,12.0,ETCUSDT/OPUSDT,6.0,0,1577,-10926.46121664371,20764.75,-31691.211216643715,0.5573874445149017,0.720900382238356,-0.10888134676068231,-0.11440180655741794,33220.71100812337,93.12493378680625,-162.67625790149918,4.668991756499683,1577000.0,1022,214,341,False
max_half_life_12h,12.0,ETHUSDT/LINKUSDT,5.0808,0,1527,-26516.6507219518,19820.5073,-46337.158021951764,0.4905042567125082,0.4827049454180282,-0.2346242633782538,-0.25237338402746234,46830.123419167714,57.72859635348993,-115.13608829140837,4.629338572364112,1527000.0,968,166,393,False
max_half_life_12h,12.0,ETHUSDT/OPUSDT,5.0808,0,1605,-16887.701592908314,21058.6032,-37946.3047929083,0.5102803738317757,0.6287245656659121,-0.1365292591497669,-0.1779796170865238,39351.70604218347,78.4602709739372,-130.03214595491457,5.293457943925234,1605000.0,1066,174,365,False
max_half_life_12h,12.0,ETHUSDT/SOLUSDT,4.684200000000001,0,1536,-11620.18664141894,19502.925225,-31123.11186641894,0.5110677083333334,0.6048445120353879,-0.16145029046601317,-0.16909212245516986,31758.513826408962,60.686079771581525,-104.87574498949459,3.572265625,1536000.0,1019,127,390,False
max_half_life_12h,12.0,ETHUSDT/UNIUSDT,5.0808,0,1584,-3512.35797495254,20604.8531,-24117.211074952542,0.5347222222222222,0.7142817519965817,-0.11590611290165703,-0.12931145436138197,25743.739369846746,71.18283010792688,-114.53062167756666,4.76199494949495,1584000.0,1054,159,371,False
max_half_life_6h,6.0,ADAUSDT/ARBUSDT,6.0,0,1567,-16540.020710964563,20669.0,-37209.02071096457,0.541799617102744,0.6888419429563751,-0.12457901666298928,-0.13108063701476239,39262.72794070176,97.02397915670726,-166.54927439416295,4.7606892150606255,1567000.0,1062,209,296,False
max_half_life_6h,6.0,ADAUSDT/ATOMUSDT,6.0,0,1553,-9415.54853360075,20442.0,-29857.54853360076,0.5582743077913715,0.7306038809370754,-0.10634265628192273,-0.11304651497010164,32689.622636507276,93.3954436246935,-161.56180489243442,4.65164198325821,1553000.0,1063,171,319,False
max_half_life_6h,6.0,ADAUSDT/AVAXUSDT,6.0,0,1528,-917.7768387164012,19808.0,-20725.776838716403,0.5732984293193717,0.7875512047582872,-0.08082667771042885,-0.08322574549900498,22745.079005873526,87.70639065986715,-149.62664886006138,3.8534031413612566,1528000.0,1058,165,305,False
max_half_life_6h,6.0,ADAUSDT/DOGEUSDT,5.8266,0,1553,-4907.103064795026,20266.234125,-25173.33718979502,0.5808113329040566,0.7673177452455516,-0.08886043015007253,-0.09257386869107152,25596.49380773514,92.03356262903765,-166.18680596188477,4.323889246619446,1553000.0,1076,177,300,False
max_half_life_6h,6.0,ADAUSDT/DOTUSDT,6.0,0,1564,13526.433649692373,20553.75,-7027.31635030761,0.5728900255754475,0.9212194395559519,-0.02831007929830712,-0.03184342884803002,11346.748348483794,91.71186452749387,-133.53465114811695,4.5671355498721224,1564000.0,1118,147,299,False
max_half_life_6h,6.0,ADAUSDT/ETCUSDT,6.0,0,1543,-337.3168595729336,19972.0,-20309.316859572933,0.5975372650680493,0.797800818747779,-0.07327209150010572,-0.07150765548083939,22955.971461734105,86.91194703886214,-161.74256365443452,3.774465327284511,1543000.0,1077,175,291,False
max_half_life_6h,6.0,ADAUSDT/ETHUSDT,5.0808,0,1445,238.67536718700313,18098.309400000002,-17859.63403281301,0.5626297577854671,0.7800113029561424,-0.07670091764952573,-0.07324060972421073,19671.797870132268,77.89014966156256,-128.4562115627585,2.4788927335640136,1445000.0,989,111,345,False
max_half_life_6h,6.0,ADAUSDT/LINKUSDT,6.0,0,1494,1190.874787252294,19426.0,-18235.125212747702,0.5796519410977242,0.8091659432034954,-0.07257148528921076,-0.07836596457557565,20826.47296548689,89.28378039399662,-152.15745069100123,4.010709504685408,1494000.0,1053,178,263,False
max_half_life_6h,6.0,ADAUSDT/SOLUSDT,5.603400000000001,0,1503,-2639.263399899069,19207.344075,-21846.60747489906,0.5755156353958749,0.7798110593212517,-0.08074928821610085,-0.0805712261231432,25980.587851885844,89.44617760888828,-155.51340298838153,3.3379906852960746,1503000.0,1032,134,337,False
max_half_life_6h,6.0,ADAUSDT/XRPUSDT,6.0,0,1561,-23420.79082600646,20694.5,-44115.29082600647,0.5656630365150545,0.666658292284765,-0.13030367441248952,-0.126874155161838,45699.25538440537,99.91761810974654,-195.1954979600482,5.028827674567585,1561000.0,1058,199,304,False
max_half_life_6h,6.0,ARBUSDT/ATOMUSDT,6.0,0,1567,12968.683597838124,20559.25,-7590.5664021618895,0.5794511805998723,0.9306967359777732,-0.026737298212551802,-0.031680232648122995,15109.7120536315,112.26460089415329,-166.20155389082407,4.480536056158265,1567000.0,1114,191,262,False
max_half_life_6h,6.0,ARBUSDT/AVAXUSDT,6.0,0,1533,-2464.528931614551,19896.25,-22360.778931614543,0.5903457273320287,0.8001931715438586,-0.07926614973531612,-0.0870521874654043,28510.741157407567,98.95160970358106,-178.2037989066169,3.914546640574038,1533000.0,1073,168,292,False
max_half_life_6h,6.0,ARBUSDT/DOTUSDT,6.0,0,1596,6322.055222623196,20963.5,-14641.444777376815,0.5714285714285714,0.8669771021833436,-0.050405843911018294,-0.05587908476934737,20379.88895871278,104.63339537724927,-160.91681485588913,4.540100250626566,1596000.0,1132,192,272,False
max_half_life_6h,6.0,ARBUSDT/ETCUSDT,6.0,0,1533,12642.78206046712,19915.5,-7272.717939532875,0.5896934116112198,0.9263540959867596,-0.026810658869386817,-0.03175074927587077,16090.38731113797,101.19446125034443,-156.99922243218478,3.964774951076321,1533000.0,1070,163,300,False
max_half_life_6h,6.0,ARBUSDT/ETHUSDT,5.0808,1,1385,1386.8677361754621,17379.5796,-15992.71186382454,0.5566787003610109,0.7943535797552965,-0.0720082840747479,-0.0694865762428713,18177.22927952407,80.1235969683755,-126.65798880528023,2.5906137184115523,1385000.0,970,90,325,False
max_half_life_6h,6.0,ARBUSDT/LINKUSDT,6.0,1,1461,-6622.280817392042,19044.5,-25666.780817392024,0.5633127994524298,0.7618058691537124,-0.09625361346834678,-0.10503116054911175,31766.563383068864,99.74355081903131,-168.8961177765749,4.140999315537303,1461000.0,1015,176,270,False
max_half_life_6h,6.0,ARBUSDT/OPUSDT,6.0,0,1567,14411.176839726693,20675.75,-6264.573160273305,0.5909380982769623,0.9324859821148466,-0.02596403775095859,-0.033013113823741634,18926.49933630615,93.43914508126244,-144.75697582764792,4.777919591576261,1567000.0,1090,161,316,False
max_half_life_6h,6.0,ATOMUSDT/DOTUSDT,6.0,0,1625,7433.910086367316,21345.75,-13911.839913632677,0.5778461538461539,0.8429503284821255,-0.05897017862070482,-0.0607996403906595,21329.77935428397,79.52138420700737,-129.12889166765683,4.543384615384616,1625000.0,1127,178,320,False
max_half_life_6h,6.0,ATOMUSDT/ETCUSDT,6.0,0,1585,4494.990608486255,20542.25,-16047.25939151374,0.5602523659305993,0.8303154605283024,-0.06703558348470628,-0.07767000853266985,19170.986054437846,88.42778719517062,-135.68311968554556,3.8416403785488957,1585000.0,1086,191,308,False
max_half_life_6h,6.0,AVAXUSDT/DOTUSDT,6.0,0,1586,13907.630141445195,20812.5,-6904.869858554788,0.5964691046658259,0.9294471002050649,-0.025585656783362918,-0.027792726891095198,11917.498655080712,96.15550863508342,-152.91872035522454,4.490542244640605,1586000.0,1115,163,308,False
max_half_life_6h,6.0,AVAXUSDT/ETCUSDT,6.0,0,1597,-8095.009463240473,20786.25,-28881.259463240454,0.582968065122104,0.7569801336154993,-0.09395471094088374,-0.09914314773150112,32551.908615543078,96.62937073236321,-178.4432486712772,4.063243581715717,1597000.0,1121,167,309,False
max_half_life_6h,6.0,AVAXUSDT/ETHUSDT,5.0808,0,1448,-10204.848084154664,18164.5825,-28369.43058415468,0.5462707182320442,0.6967234680274649,-0.11277891046068281,-0.10956521358507691,29235.734747926886,82.39403460502164,-142.37916583976684,2.572513812154696,1448000.0,948,120,380,False
max_half_life_6h,6.0,AVAXUSDT/LINKUSDT,6.0,0,1527,-842.5374736669705,19935.5,-20778.037473666984,0.5651604453176162,0.7979944063347041,-0.08079559229743587,-0.09466040691902389,22133.08023296448,95.1108758688611,-154.90771588628633,4.221349050425672,1527000.0,1080,168,279,False
max_half_life_6h,6.0,AVAXUSDT/SOLUSDT,5.603400000000001,0,1441,186.9496313280444,18432.75885,-18245.809218671944,0.5718251214434421,0.8016050897130913,-0.07634455708107761,-0.08210449494998627,20443.228876892223,89.46761443465171,-149.05530553132087,3.3907009021512837,1441000.0,1026,131,284,False
max_half_life_6h,6.0,BTCUSDT/ETHUSDT,4.0707,0,1553,142.5037239282892,19323.609075,-19181.10535107171,0.49130714745653575,0.5867797729551749,-0.18053934890613596,-0.21179312077042,19212.519935975695,35.69789891909367,-58.75772433713947,2.610431423052157,1553000.0,1064,98,391,False
max_half_life_6h,6.0,BTCUSDT/SOLUSDT,4.5933,0,1618,2695.264828815003,20458.4877125,-17763.222883684997,0.5253399258343634,0.6794634914099134,-0.13361508156598556,-0.14792102380927027,17869.975163081017,44.29874918637053,-72.15776001575513,3.366501854140915,1618000.0,1120,136,362,False
max_half_life_6h,6.0,DOGEUSDT/DOTUSDT,5.8266,0,1608,11817.567454185923,21001.494375,-9183.926920814101,0.6001243781094527,0.9200760037038239,-0.029255306317913208,-0.03377451179212643,19830.83128387257,109.55888886145081,-178.70646138742478,4.368781094527363,1608000.0,1139,194,275,False
max_half_life_6h,6.0,DOGEUSDT/ETCUSDT,5.8266,0,1557,11847.237804089222,20109.332025,-8262.094220910793,0.6037251123956326,0.9210672317853991,-0.027045156377933595,-0.028215672245369687,13100.27914649657,102.56431591647062,-169.64757079804403,3.770712909441233,1557000.0,1081,165,311,False
max_half_life_6h,6.0,DOGEUSDT/ETHUSDT,4.9074,0,1455,5137.170551005232,18190.998125000002,-13053.82757399479,0.563573883161512,0.8474935526135544,-0.05405943666512256,-0.05540059451271427,14546.230348932388,88.46514996643265,-134.79567015192058,2.457044673539519,1455000.0,972,120,363,False
max_half_life_6h,6.0,DOTUSDT/ETCUSDT,6.0,0,1499,-917.4538830246956,19440.25,-20357.703883024682,0.5763842561707805,0.7753874725125743,-0.08692875930743639,-0.09239583038134809,22096.43931555641,81.33919233475353,-142.73191505551455,3.875250166777852,1499000.0,1035,170,294,False
max_half_life_6h,6.0,DOTUSDT/ETHUSDT,5.0808,0,1427,-6157.22218967316,17882.9445,-24040.16668967317,0.559915907498248,0.6985214204918246,-0.10711074021493658,-0.09790486457028273,24243.314843926244,69.7130306812469,-126.97592070698956,2.5122634898388227,1427000.0,1017,100,310,False
max_half_life_6h,6.0,DOTUSDT/LINKUSDT,6.0,0,1513,5930.348275084387,19704.0,-13773.651724915604,0.5756774619960344,0.8426935775105995,-0.057624428409371015,-0.060299818118673645,16056.053733893512,84.71380171450383,-136.38531622780133,4.092531394580304,1513000.0,1084,149,280,False
max_half_life_6h,6.0,DOTUSDT/OPUSDT,6.0,0,1534,-23327.630770502466,20293.75,-43621.380770502445,0.5586701434159062,0.6435154097896282,-0.14373004583274984,-0.14324273789896927,47106.330408122136,91.88334056453199,-180.74653417179667,4.917209908735332,1534000.0,1071,196,267,False
max_half_life_6h,6.0,ETCUSDT/ETHUSDT,5.0808,0,1400,1904.4886030932594,17503.6908,-15599.202196906743,0.5607142857142857,0.7715286599036948,-0.06776050543596937,-0.057777009089920374,15060.039833464176,67.10471945343835,-111.01854791521275,2.374285714285714,1400000.0,928,101,371,False
max_half_life_6h,6.0,ETCUSDT/LINKUSDT,6.0,1,1522,-607.3604907751687,19767.0,-20374.360490775165,0.5788436268068331,0.7871271004545897,-0.07589200156531653,-0.07365485478636606,22925.4363092451,85.5130835480885,-149.3157365002202,3.950065703022339,1522000.0,1044,188,290,False
max_half_life_6h,6.0,ETCUSDT/LTCUSDT,5.83245,0,1439,16474.39281082567,18390.98964375,-1916.5968329243333,0.580958999305073,0.9732340607653144,-0.00893643467051745,-0.009253069054542234,6223.461747422381,83.36030612124222,-118.74927487609095,3.2112578179291176,1439000.0,952,123,364,False
max_half_life_6h,6.0,ETCUSDT/OPUSDT,6.0,0,1569,-10548.535845473796,20655.25,-31203.785845473813,0.5576800509878904,0.7231168912476381,-0.10779396623538191,-0.11318631393766287,32733.285636953457,93.13464842839632,-162.3870363405196,4.658381134480561,1569000.0,1014,214,341,False
max_half_life_6h,6.0,ETHUSDT/LINKUSDT,5.0808,0,1522,-26383.548473839397,19752.6744,-46136.22287383936,0.4908015768725361,0.48269950076118456,-0.23446844369323294,-0.2520228487975802,46629.18827105531,57.63089798678654,-115.07935957415343,4.620236530880421,1522000.0,963,166,393,False
max_half_life_6h,6.0,ETHUSDT/OPUSDT,5.0808,0,1601,-17010.199325699257,21004.6756,-38014.87492569926,0.509681449094316,0.6271226594203767,-0.13711184526489195,-0.17873402889070103,39420.27617497444,78.35196773710472,-129.87271413907862,5.289194253591505,1601000.0,1062,174,365,False
max_half_life_6h,6.0,ETHUSDT/SOLUSDT,4.684200000000001,0,1535,-11521.018514571764,19489.559,-31010.57751457176,0.511400651465798,0.6057099477713517,-0.160947237986906,-0.16847851008573764,31645.979474561784,60.686079771581525,-104.86553351368433,3.570032573289902,1535000.0,1018,127,390,False
max_half_life_6h,6.0,ETHUSDT/UNIUSDT,5.0808,0,1583,-3592.6711317578065,20591.5829,-24184.25403175781,0.5344283006948831,0.7134874895049597,-0.11627941589037948,-0.12975283938034612,25810.78232665201,71.18772357518772,-114.53062167756666,4.761212886923563,1583000.0,1053,159,371,False
max_half_life_3h,3.0,ADAUSDT/ARBUSDT,6.0,0,1414,-8082.386239164247,18614.5,-26696.88623916424,0.5431400282885431,0.7221863471403785,-0.11135228619683991,-0.12052011622274457,28602.9031227232,90.36392362772138,-148.7560055499292,4.657708628005658,1414000.0,938,183,293,False
max_half_life_3h,3.0,ADAUSDT/ATOMUSDT,6.0,0,1464,-3951.2035187630886,19222.75,-23173.95351876309,0.5635245901639344,0.7625367527940886,-0.09292563643106419,-0.10089294889426742,26006.027621669626,90.20083572624408,-152.72244599830117,4.521174863387978,1464000.0,994,164,306,False
max_half_life_3h,3.0,ADAUSDT/AVAXUSDT,6.0,0,1503,881.9877201380949,19479.0,-18597.0122798619,0.5748502994011976,0.8005916791881693,-0.07573961897643781,-0.07848990021648013,20616.31444701905,86.41661108512287,-145.94830087231307,3.8403193612774453,1503000.0,1036,162,305,False
max_half_life_3h,3.0,ADAUSDT/DOGEUSDT,5.8266,0,1502,634.530624205898,19581.15885,-18946.6282257941,0.5825565912117177,0.8062025214580272,-0.07465254236895555,-0.08168135425957045,19658.327501082906,90.07824376358536,-155.92518583561608,4.270306258322237,1502000.0,1033,171,298,False
max_half_life_3h,3.0,ADAUSDT/DOTUSDT,6.0,0,1477,16620.938443940024,19384.25,-2763.3115560599854,0.5754908598510494,0.9646035722251469,-0.012616995377273772,-0.014797920727677438,8957.820710573817,88.59319381043699,-124.50961131568009,4.496276235612728,1477000.0,1046,137,294,False
max_half_life_3h,3.0,ADAUSDT/ETCUSDT,6.0,0,1523,1373.5446754477925,19700.5,-18326.955324552204,0.5988181221273802,0.8104490953649888,-0.06847343349332582,-0.06717887899761678,20913.826446396994,85.92021660875113,-158.24254152493165,3.741300065659882,1523000.0,1059,173,291,False
max_half_life_3h,3.0,ADAUSDT/ETHUSDT,5.0808,0,1444,-325.7243251865301,18085.886,-18411.610325186542,0.5623268698060941,0.773212252923244,-0.07943713342220758,-0.07555649866464621,20223.77416250581,77.30629973211433,-128.4562115627585,2.479224376731302,1444000.0,988,111,345,False
max_half_life_3h,3.0,ADAUSDT/LINKUSDT,6.0,0,1451,4198.665667401481,18858.25,-14659.584332598513,0.5796002756719504,0.8338267672008752,-0.06448510699424628,-0.07422693173621436,16889.51712038748,87.46623328070362,-144.6207975765086,3.986905582356995,1451000.0,1017,171,263,False
max_half_life_3h,3.0,ADAUSDT/SOLUSDT,5.603400000000001,0,1497,1226.4753535887794,19123.670325,-17897.19497141121,0.5771543086172345,0.8115989313071822,-0.06982864914186672,-0.07276620606470534,22031.17534839798,89.23378842126934,-150.07138731024946,3.3179692718770877,1497000.0,1026,134,337,False
max_half_life_3h,3.0,ADAUSDT/XRPUSDT,6.0,0,1449,-13523.454950014067,19169.0,-32692.45495001407,0.567287784679089,0.7083357673074494,-0.11593570809662539,-0.11915468116618037,34276.41950841287,96.5898995294083,-178.77089691098516,4.916494133885438,1449000.0,970,186,293,False
max_half_life_3h,3.0,ARBUSDT/ATOMUSDT,6.0,0,1481,12160.83940355149,19414.75,-7253.9105964485325,0.5793382849426063,0.9272326436278451,-0.028096057179509276,-0.03288536263288498,14542.427922802937,107.73009087768256,-160.01015821749627,4.436866981769075,1481000.0,1038,181,262,False
max_half_life_3h,3.0,ARBUSDT/AVAXUSDT,6.0,0,1475,-3524.696217431901,19140.5,-22665.196217431894,0.5884745762711865,0.7858974112270656,-0.08512489241944621,-0.092255209358903,27998.0318535674,95.84814180997627,-174.4009609695079,3.906440677966102,1475000.0,1025,158,292,False
max_half_life_3h,3.0,ARBUSDT/DOTUSDT,6.0,0,1457,10576.663914695524,19105.5,-8528.836085304467,0.5751544269045985,0.9069089580022098,-0.03534337951503676,-0.04115530834457546,14886.645898271036,99.15201610439973,-148.01005748108474,4.451612903225806,1457000.0,1017,172,268,False
max_half_life_3h,3.0,ARBUSDT/ETCUSDT,6.0,0,1498,13124.080498427176,19447.75,-6323.669501572806,0.5907877169559412,0.9328966161132803,-0.024387617830075838,-0.02921773562791273,15062.60128825878,99.33790342886921,-153.73199679628394,3.9299065420560746,1498000.0,1040,159,299,False
max_half_life_3h,3.0,ARBUSDT/ETHUSDT,5.0808,1,1385,1386.8677361754621,17379.5796,-15992.71186382454,0.5566787003610109,0.7943535797552965,-0.0720082840747479,-0.0694865762428713,18177.22927952407,80.1235969683755,-126.65798880528023,2.5906137184115523,1385000.0,970,90,325,False
max_half_life_3h,3.0,ARBUSDT/LINKUSDT,6.0,1,1408,-7958.603309906833,18344.5,-26303.103309906808,0.5596590909090909,0.7429531487654581,-0.1046288578957264,-0.11328988013655596,30903.681315085953,96.47836004928891,-165.04524359475235,4.115056818181818,1408000.0,968,171,269,False
max_half_life_3h,3.0,ARBUSDT/OPUSDT,6.0,0,1413,15633.352930107914,18598.75,-2965.3970698920853,0.5966029723991507,0.9628961510046067,-0.014166918691199409,-0.01873859796056941,13943.830636755629,91.28843595191073,-140.21324311816286,4.650389242745931,1413000.0,961,146,306,False
max_half_life_3h,3.0,ATOMUSDT/DOTUSDT,6.0,0,1552,5661.1962054477735,20362.5,-14701.303794552232,0.5779639175257731,0.8273794154460666,-0.06506244348854047,-0.06667570501656599,21361.169813105404,78.5553083958595,-130.02353500097436,4.480670103092783,1552000.0,1057,176,319,False
max_half_life_3h,3.0,ATOMUSDT/ETCUSDT,6.0,0,1571,3551.7350811230053,20361.0,-16809.264918876994,0.5595162316995544,0.8208514223024954,-0.07106303550638055,-0.08218088250196161,19932.991581801107,87.62157134610356,-135.59050019089887,3.842138765117759,1571000.0,1073,190,308,False
max_half_life_3h,3.0,AVAXUSDT/DOTUSDT,6.0,0,1522,11590.67077674729,19949.25,-8358.579223252706,0.5919842312746386,0.9117812770652343,-0.032172609939850216,-0.034890300864423116,12227.866218960902,95.88210842096316,-152.57384687687684,4.42904073587385,1522000.0,1058,160,304,False
max_half_life_3h,3.0,AVAXUSDT/ETCUSDT,6.0,0,1578,-5222.455230368473,20522.5,-25744.95523036847,0.5855513307984791,0.7746517257216653,-0.08651954827033695,-0.09189787409039316,30477.468325183236,95.77946918835941,-174.68682685078377,4.021546261089988,1578000.0,1109,162,307,False
max_half_life_3h,3.0,AVAXUSDT/ETHUSDT,5.0808,0,1447,-9825.741648724563,18150.8889,-27976.630548724577,0.5466482377332412,0.6996614399706764,-0.11143375792905096,-0.10820252508537498,28842.934712496783,82.39403460502164,-141.99742670929376,2.568762957843815,1447000.0,947,120,380,False
max_half_life_3h,3.0,AVAXUSDT/LINKUSDT,6.0,0,1487,-1857.1603433996534,19403.75,-21260.910343399653,0.5635507733691997,0.7875224315030505,-0.08538095074602715,-0.10025620735125323,22116.914126759344,94.03460022104079,-154.17859064504134,4.195696032279758,1487000.0,1043,165,279,False
max_half_life_3h,3.0,AVAXUSDT/SOLUSDT,5.603400000000001,0,1434,-1254.7358513767922,18342.921975,-19597.65782637678,0.5697350069735007,0.7869058302813629,-0.08256276243933601,-0.08861817554210857,21795.07748459705,88.57951736407367,-149.05530553132087,3.389818688981869,1434000.0,1019,131,284,False
max_half_life_3h,3.0,BTCUSDT/ETHUSDT,4.0707,0,1553,142.5037239282892,19323.609075,-19181.10535107171,0.49130714745653575,0.5867797729551749,-0.18053934890613596,-0.21179312077042,19212.519935975695,35.69789891909367,-58.75772433713947,2.610431423052157,1553000.0,1064,98,391,False
max_half_life_3h,3.0,BTCUSDT/SOLUSDT,4.5933,0,1604,4054.1407812161897,20270.7748,-16216.634018783807,0.527431421446384,0.697549432419355,-0.12498952386246293,-0.13924866662057236,16323.386298179816,44.209025142443274,-70.73544761120161,3.3316708229426433,1604000.0,1109,134,361,False
max_half_life_3h,3.0,DOGEUSDT/DOTUSDT,5.8266,0,1510,12482.376532373148,19697.794725,-7215.4181926268875,0.6033112582781457,0.9305745390088062,-0.025022206922974154,-0.028568852969107987,16699.317527078812,106.1635723202167,-173.50656523596712,4.303973509933775,1510000.0,1055,180,275,False
max_half_life_3h,3.0,DOGEUSDT/ETCUSDT,5.8266,0,1514,13578.36856632954,19519.285649999998,-5940.917083670481,0.6063408190224571,0.9402343426166822,-0.020173879561404637,-0.020953394939264198,12773.632783312274,101.81112093435517,-166.78443976746397,3.6763540290620873,1514000.0,1044,162,308,False
max_half_life_3h,3.0,DOGEUSDT/ETHUSDT,4.9074,0,1454,5252.048822473532,18177.362325000002,-12925.31350252649,0.5639614855570839,0.8487679062566393,-0.05355517885497491,-0.054849663564263254,14417.71627746409,88.46514996643265,-134.8055780362796,2.453232462173315,1454000.0,971,120,363,False
max_half_life_3h,3.0,DOTUSDT/ETCUSDT,6.0,0,1483,-830.0785283718408,19226.5,-20056.578528371847,0.5745111260957518,0.7725250151071394,-0.08902761693194501,-0.0963096656365889,21795.31396090357,79.94589334552158,-139.73134652734743,3.858395144976399,1483000.0,1021,169,293,False
max_half_life_3h,3.0,DOTUSDT/ETHUSDT,5.0808,0,1425,-6693.74632113327,17858.309400000002,-24552.055721133274,0.5592982456140351,0.6921020150000688,-0.10971583294776668,-0.10012989625257517,24755.203875386356,69.24569947660748,-126.97592070698956,2.513684210526316,1425000.0,1015,100,310,False
max_half_life_3h,3.0,DOTUSDT/LINKUSDT,6.0,0,1477,5544.37360408458,19225.5,-13681.12639591543,0.5734597156398105,0.8375261906564458,-0.060213978115754296,-0.06385192697837862,15593.051583004955,83.2632730463221,-133.65891851769882,4.0663507109004735,1477000.0,1053,145,279,False
max_half_life_3h,3.0,DOTUSDT/OPUSDT,6.0,0,1400,-17638.237410911515,18476.0,-36114.23741091151,0.5628571428571428,0.6606481568427047,-0.13598163696332613,-0.13511965034743756,39777.184331237506,89.22206006881362,-173.8908835704847,4.788571428571428,1400000.0,953,181,266,False
max_half_life_3h,3.0,ETCUSDT/ETHUSDT,5.0808,0,1397,2025.024512948735,17465.362100000002,-15440.337587051266,0.560486757337151,0.7723086895330273,-0.06737897438986383,-0.05742168101498453,14901.175223608701,66.88665755912238,-110.44395839714022,2.3715103793843952,1397000.0,925,101,371,False
max_half_life_3h,3.0,ETCUSDT/LINKUSDT,6.0,1,1481,-610.1958434399385,19223.5,-19833.695843439935,0.5786630654962863,0.7825351225464329,-0.07740582561688006,-0.07420999790053691,22449.94482089092,83.27939118779081,-146.1604713002831,3.9203241053342337,1481000.0,1009,182,290,False
max_half_life_3h,3.0,ETCUSDT/LTCUSDT,5.83245,0,1429,15795.082412454383,18262.970025,-2467.88761254561,0.5794261721483555,0.9652114016469956,-0.011644989925390967,-0.012028249630935923,6775.357087157283,82.69524790969079,-118.03586170011576,3.2106368089573127,1429000.0,942,123,364,False
max_half_life_3h,3.0,ETCUSDT/OPUSDT,6.0,0,1469,-5676.749840615477,19309.25,-24985.99984061548,0.5602450646698435,0.7487146884567493,-0.096809465158842,-0.10291060235732624,26515.499632095118,90.45782632579117,-153.92072895780436,4.577944179714091,1469000.0,935,196,338,False
max_half_life_3h,3.0,ETHUSDT/LINKUSDT,5.0808,0,1478,-23926.94410181745,19173.0196,-43099.96370181741,0.4912043301759134,0.4895424057927815,-0.23135300070229314,-0.2514579182218655,43592.92909903337,56.93389973553548,-112.27922195454278,4.592692828146143,1478000.0,924,162,392,False
max_half_life_3h,3.0,ETHUSDT/OPUSDT,5.0808,0,1450,-12708.31006112416,18972.2959,-31680.60596112415,0.5110344827586207,0.6412020979411183,-0.13247917017751665,-0.17121667053741182,33086.00721039933,76.40474163831337,-124.53669889296805,5.122068965517242,1450000.0,937,159,354,False
max_half_life_3h,3.0,ETHUSDT/SOLUSDT,4.684200000000001,0,1530,-10177.311045617584,19423.118225000002,-29600.429270617584,0.5124183006535947,0.6162703140505342,-0.1559207065866081,-0.16399632347384505,30135.581837367507,60.635616361545175,-103.40315348266623,3.560130718954248,1530000.0,1014,126,390,False
max_half_life_3h,3.0,ETHUSDT/UNIUSDT,5.0808,0,1510,-4522.079150807709,19636.8305,-24158.909650807705,0.5304635761589404,0.6956609520353437,-0.12486082658670535,-0.13869472077806197,25659.245044858984,68.94214041336238,-111.96271385318896,4.745033112582782,1510000.0,986,153,371,False
max_half_life_1p5h,1.5,ADAUSDT/ARBUSDT,6.0,0,324,908.5707327807922,4208.0,-3299.4292672192078,0.5246913580246914,0.80690946936483,-0.0827591688206024,-0.11354161244989146,4181.736751757254,81.10614077548729,-110.95761817566263,3.950617283950617,324000.0,173,35,116,False
max_half_life_1p5h,1.5,ADAUSDT/ATOMUSDT,6.0,0,449,-5531.108980515408,5811.75,-11342.85898051541,0.5189309576837416,0.6155563728954582,-0.16895010741735986,-0.19910231247659715,12394.404799718024,77.94742587226816,-136.59541300349025,3.775055679287305,449000.0,251,66,132,False
max_half_life_1p5h,1.5,ADAUSDT/AVAXUSDT,6.0,0,888,3.3223487158344795,11462.0,-11458.677651284164,0.5551801801801802,0.7733461449406716,-0.08712946945741264,-0.09100952683777631,13587.995607213183,79.30460343624299,-127.98948644392901,3.630630630630631,888000.0,558,95,235,False
max_half_life_1p5h,1.5,ADAUSDT/DOGEUSDT,5.8266,0,566,-720.2665850469384,7282.648275,-8002.914860046938,0.5865724381625441,0.7354706265539966,-0.10637334864843401,-0.1131935518895386,8337.079039948836,67.01955534129792,-129.28806509981985,3.570671378091873,566000.0,353,74,139,False
max_half_life_1p5h,1.5,ADAUSDT/DOTUSDT,6.0,0,425,1873.937976595829,5498.25,-3624.312023404166,0.5247058823529411,0.835861831909969,-0.06341703883976606,-0.07575749091706542,6749.216490151717,82.76479222405642,-109.31119153152846,3.748235294117647,425000.0,238,51,136,False
max_half_life_1p5h,1.5,ADAUSDT/ETCUSDT,6.0,0,843,-29.320532948414993,10849.75,-10879.070532948408,0.5848161328588375,0.7621280462300328,-0.09163715664677664,-0.09509412717994965,12141.627033931738,70.70165458158368,-130.6713892619119,3.4816132858837485,843000.0,535,91,217,False
max_half_life_1p5h,1.5,ADAUSDT/ETHUSDT,5.0808,0,1426,4563.172162210782,17855.7021,-13292.529937789226,0.5631136044880786,0.8210461535463356,-0.0648641205526328,-0.06646616109182216,14864.683700196423,75.94840105625768,-119.22808344456524,2.4635343618513326,1426000.0,974,108,344,False
max_half_life_1p5h,1.5,ADAUSDT/LINKUSDT,6.0,0,623,3782.0785356351403,8042.0,-4259.92146436486,0.5762439807383628,0.8702219908557994,-0.04816843726115481,-0.053580958017614345,6927.602697919139,79.56756915649683,-124.33590451343645,3.634028892455859,623000.0,384,69,170,False
max_half_life_1p5h,1.5,ADAUSDT/SOLUSDT,5.603400000000001,0,1245,-9966.22548517646,15876.7017,-25842.92718517647,0.5630522088353414,0.6912275502307865,-0.12100887321426487,-0.12082457401315612,29791.97447267271,82.52892382792179,-153.85239483189272,3.2224899598393573,1245000.0,813,116,316,False
max_half_life_1p5h,1.5,ADAUSDT/XRPUSDT,6.0,0,262,891.14475119538,3392.75,-2501.6052488046207,0.5877862595419847,0.8314979817129122,-0.055803925643868456,-0.04939556528733814,3703.219882715261,80.15934335042013,-137.46429745156777,3.7977099236641223,262000.0,150,34,78,False
max_half_life_1p5h,1.5,ARBUSDT/ATOMUSDT,6.0,0,380,-2888.900372405434,4933.5,-7822.400372405435,0.5210526315789473,0.7015108218050526,-0.13258067681514477,-0.16678648158472797,8404.00470262396,92.84972783888725,-143.99256310167644,3.931578947368421,380000.0,205,59,116,False
max_half_life_1p5h,1.5,ARBUSDT/AVAXUSDT,6.0,0,777,-2122.0023158311765,10014.25,-12136.252315831176,0.5688545688545689,0.7598032177146766,-0.09627332864912189,-0.10521180442814464,14804.405471713737,86.85528922686895,-150.82474672867838,3.5534105534105533,777000.0,495,82,200,False
max_half_life_1p5h,1.5,ARBUSDT/DOTUSDT,6.0,0,392,1884.9916237528794,5081.25,-3196.2583762471177,0.5459183673469388,0.8634124648707795,-0.05342231202199029,-0.06492815360196404,5186.864624509197,94.41377273407109,-131.46520079403555,3.8494897959183674,392000.0,221,48,123,False
max_half_life_1p5h,1.5,ARBUSDT/ETCUSDT,6.0,0,758,7308.217824678807,9772.5,-2464.282175321197,0.5725593667546174,0.9380697657595333,-0.023247309866574313,-0.028805377010710672,5833.335183901198,86.0068659159468,-122.81253698408057,3.569920844327177,758000.0,484,89,185,False
max_half_life_1p5h,1.5,ARBUSDT/ETHUSDT,5.0808,1,1364,1218.5537719901113,17114.4542,-15895.900428009892,0.5564516129032258,0.7878561189200898,-0.07473017596875424,-0.07201795666503204,17403.75139617613,77.7785352839967,-123.85092348522875,2.5850439882697946,1364000.0,953,87,324,False
max_half_life_1p5h,1.5,ARBUSDT/LINKUSDT,6.0,1,527,-4655.598042064438,6818.0,-11473.598042064434,0.5275142314990512,0.6784171752485813,-0.13071130526264735,-0.1385771428440855,13225.306478430308,87.0680511462729,-143.28721389850722,3.749525616698292,527000.0,312,64,151,False
max_half_life_1p5h,1.5,ARBUSDT/OPUSDT,6.0,0,379,6557.543080474941,4914.0,1643.5430804749399,0.6068601583113457,1.1035233709034726,0.037221341663886284,0.04911932962166002,2970.319401707884,76.17218027624868,-106.55072740310239,3.862796833773087,379000.0,230,35,114,True
max_half_life_1p5h,1.5,ATOMUSDT/DOTUSDT,6.0,0,528,-4.981480598086755,6843.5,-6848.481480598088,0.5511363636363636,0.753845601364092,-0.10399145877063361,-0.12710423387683478,7259.110499101246,72.07358106271327,-117.39195599091835,3.8446969696969697,528000.0,306,78,144,False
max_half_life_1p5h,1.5,ATOMUSDT/ETCUSDT,6.0,0,807,-5763.905506756014,10397.0,-16160.905506756008,0.5216852540272615,0.6717165222498286,-0.1397451140710589,-0.16045844185114064,17041.682914895715,78.5453718940846,-127.53499242011817,3.5340768277571253,807000.0,489,109,209,False
max_half_life_1p5h,1.5,AVAXUSDT/DOTUSDT,6.0,0,472,1887.0013007403393,6107.75,-4220.748699259662,0.5677966101694916,0.8490955287752727,-0.05825777974959974,-0.07011770021751798,5815.673176889129,88.6153888076589,-137.10623970447182,3.760593220338983,472000.0,281,47,144,False
max_half_life_1p5h,1.5,AVAXUSDT/ETCUSDT,6.0,0,792,-13654.361300304196,10213.0,-23867.36130030419,0.5618686868686869,0.6112943420378679,-0.1620331533300526,-0.16982741893085748,26149.41586149822,84.3478292774408,-176.95142746041884,3.580808080808081,792000.0,493,107,192,False
max_half_life_1p5h,1.5,AVAXUSDT/ETHUSDT,5.0808,0,1413,-5947.549144240328,17718.7551,-23666.304244240335,0.5484784147204529,0.7266679940779738,-0.10002503754567235,-0.0976959755423258,24532.60840801254,81.18471762709557,-135.71232038438777,2.5498938428874736,1413000.0,923,110,380,False
max_half_life_1p5h,1.5,AVAXUSDT/LINKUSDT,6.0,0,568,7357.0566809531765,7328.0,29.05668095317833,0.5721830985915493,1.0009955970687325,0.00037665638837318995,0.0005193969208726739,4236.2680109609255,89.88996301978337,-120.10362675093174,3.6056338028169015,568000.0,369,62,137,False
max_half_life_1p5h,1.5,AVAXUSDT/SOLUSDT,5.603400000000001,0,1118,-8761.75057408988,14256.743475,-23018.494049089888,0.5509838998211091,0.684266720790273,-0.1288131536853695,-0.1360900096858365,24879.717555631767,80.98437846474941,-145.22882705851697,3.2209302325581395,1118000.0,753,109,256,False
max_half_life_1p5h,1.5,BTCUSDT/ETHUSDT,4.0707,0,1530,167.79753989718265,19035.396975,-18867.599435102817,0.49019607843137253,0.5817705212778345,-0.184452507970403,-0.21808151814355373,18899.014020006776,34.9939087417063,-57.83721921972121,2.6026143790849674,1530000.0,1043,96,391,False
max_half_life_1p5h,1.5,BTCUSDT/SOLUSDT,4.5933,0,1365,3416.978964371372,17213.4925625,-13796.51359812863,0.5201465201465202,0.6882037145741824,-0.13291299308025564,-0.15404807844193047,13862.217836894393,42.89010209919758,-67.55494059321971,3.1904761904761907,1365000.0,919,109,337,False
max_half_life_1p5h,1.5,DOGEUSDT/DOTUSDT,5.8266,0,485,3389.2900642555383,6251.896725,-2862.606660744461,0.5628865979381443,0.9172382679964229,-0.028358068467055016,-0.03326627160823018,6996.674890450442,116.21217386800684,-163.1534439939166,3.668041237113402,485000.0,284,69,132,False
max_half_life_1p5h,1.5,DOGEUSDT/ETCUSDT,5.8266,0,947,6273.8147989718445,12146.949375,-5873.134576028146,0.587117212249208,0.9059088467640861,-0.03244881032243183,-0.0362900202607663,9558.808517990026,101.70232234435433,-159.64098669946074,3.405491024287223,947000.0,594,114,239,False
max_half_life_1p5h,1.5,DOGEUSDT/ETHUSDT,4.9074,0,1415,7285.178513789518,17681.7582,-10396.579686210498,0.5653710247349824,0.8702363108706844,-0.04535262900890164,-0.04649371767948545,11575.42087661302,87.15343649393976,-130.27533151441025,2.425441696113074,1415000.0,938,118,359,False
max_half_life_1p5h,1.5,DOTUSDT/ETCUSDT,6.0,0,794,-1132.6822973875855,10210.0,-11342.682297387584,0.5617128463476071,0.7442555307035341,-0.10152780312212589,-0.1113625535487233,11986.675446603822,74.01107790337056,-127.44719265026107,3.4357682619647356,794000.0,490,98,206,False
max_half_life_1p5h,1.5,DOTUSDT/ETHUSDT,5.0808,0,1404,-4986.453233965315,17587.6798,-22574.13303396532,0.5598290598290598,0.7046549029515681,-0.10478216281985506,-0.0959844041996133,22777.2811882184,68.52282296733088,-123.67810984836147,2.488603988603989,1404000.0,996,99,309,False
max_half_life_1p5h,1.5,DOTUSDT/LINKUSDT,6.0,0,680,2953.654729241318,8765.25,-5811.595270758684,0.5808823529411765,0.8416385212657311,-0.05538020282367578,-0.05217580212924295,9668.738921155058,78.19416066364063,-128.76592537858502,3.5602941176470586,680000.0,439,74,167,False
max_half_life_1p5h,1.5,DOTUSDT/OPUSDT,6.0,0,326,-133.10873526864563,4216.25,-4349.358735268645,0.5797546012269938,0.7763647223446217,-0.08494203515150729,-0.08773588037789726,5376.323543213799,79.88935330638022,-141.95946357791613,3.733128834355828,326000.0,200,42,84,False
max_half_life_1p5h,1.5,ETCUSDT/ETHUSDT,5.0808,0,1383,2437.2313772575567,17288.4707,-14851.239322742436,0.559652928416486,0.7722837457584829,-0.06740564780542366,-0.057073913853105604,14134.475678381034,65.0735648640596,-107.09060513550834,2.3651482284887924,1383000.0,914,98,371,False
max_half_life_1p5h,1.5,ETCUSDT/LINKUSDT,6.0,1,779,-2377.8048216583184,10032.5,-12410.304821658316,0.5622593068035944,0.7025728607506733,-0.11640540147860841,-0.11803208543036757,14637.568402830691,66.92973631559828,-122.3622560935201,3.514762516046213,779000.0,473,95,211,False
max_half_life_1p5h,1.5,ETCUSDT/LTCUSDT,5.83245,0,1287,17049.239979609345,16431.38518125,617.8547983593517,0.5765345765345765,1.0105121471995562,0.0036110318358081703,0.004143889160610159,5855.94021210894,80.04470776806009,-107.84462085420411,3.156954156954157,1287000.0,833,103,351,False
max_half_life_1p5h,1.5,ETCUSDT/OPUSDT,6.0,0,371,-5810.213053069417,4802.25,-10612.46305306942,0.49326145552560646,0.575495617050852,-0.18338383968834973,-0.19146113436922804,11585.989818957676,78.61853437120566,-132.97688746276626,3.776280323450135,371000.0,179,63,129,False
max_half_life_1p5h,1.5,ETHUSDT/LINKUSDT,5.0808,0,636,-5390.831928678216,8176.9158,-13567.747728678223,0.4811320754716981,0.5440206783869701,-0.2113001654729016,-0.2544812061547469,13747.592990623081,52.90011218302004,-90.16721835358288,4.047169811320755,636000.0,337,64,235,False
max_half_life_1p5h,1.5,ETHUSDT/OPUSDT,5.0808,0,285,-4368.579339818626,3665.9954,-8034.574739818626,0.4631578947368421,0.5347406717204363,-0.22253154810130418,-0.2865797999911671,8275.26595502304,69.95795274338762,-112.8694411891882,4.077192982456141,285000.0,127,39,119,False
max_half_life_1p5h,1.5,ETHUSDT/SOLUSDT,4.684200000000001,0,1260,-3540.3141862803654,15944.80955,-19485.123736280373,0.5119047619047619,0.6656906035225258,-0.1386225186682397,-0.15941596207871295,21608.495037314708,60.15438577125017,-94.7718740792467,3.353968253968254,1260000.0,811,104,345,False
max_half_life_1p5h,1.5,ETHUSDT/UNIUSDT,5.0808,0,507,-6568.264861087836,6523.2775,-13091.542361087837,0.46153846153846156,0.5108171705444187,-0.24034656778887004,-0.2841211521416631,13038.220541009918,58.42103414311815,-98.02953974570508,4.092702169625246,507000.0,262,70,175,False
max_half_life_0p75h,0.75,ADAUSDT/ARBUSDT,6.0,0,2,119.90437807741819,25.25,94.65437807741819,0.5,1.6301791501416092,0.1694196193455172,,0.0,244.85671031285972,-150.20233223544153,2.5,2000.0,1,0,1,True
max_half_life_0p75h,0.75,ADAUSDT/ATOMUSDT,6.0,0,7,-908.3618627582912,88.0,-996.3618627582912,0.2857142857142857,0.11397423558612965,-0.6973326708339197,-0.7944047432961852,1094.06598139692,64.08367918633334,-224.9058442261916,2.2857142857142856,7000.0,1,3,3,False
max_half_life_0p75h,0.75,ADAUSDT/AVAXUSDT,6.0,0,17,292.4594124422357,214.25,78.20941244223573,0.6470588235294118,1.2097676385945335,0.06974045696054919,0.07345312888947648,184.7690487495442,41.00433865344871,-62.13971879095002,2.411764705882353,17000.0,10,1,6,True
max_half_life_0p75h,0.75,ADAUSDT/DOGEUSDT,5.8266,0,2,51.843401215929475,24.48555,27.357851215929486,0.5,1.3584451569828093,0.1074686856446874,,76.3236737419263,103.68152495785579,-76.3236737419263,1.0,2000.0,1,1,0,True
max_half_life_0p75h,0.75,ADAUSDT/DOTUSDT,6.0,0,6,-726.5746980070619,74.75,-801.3246980070619,0.16666666666666666,0.10486091105010382,-0.9539981498957871,-1.4092507024960732,895.1957387394515,93.87104073238959,-179.03914774789027,1.8333333333333333,6000.0,1,2,3,False
max_half_life_0p75h,0.75,ADAUSDT/ETCUSDT,6.0,0,19,869.8279457216431,237.5,632.3279457216431,0.5263157894736842,2.5483026166321574,0.27190138294502314,0.784478753677408,270.52316647182,104.07286930491087,-45.37786081416282,2.0,19000.0,7,0,12,True
max_half_life_0p75h,0.75,ADAUSDT/ETHUSDT,5.0808,0,616,-558.4010625327215,7683.2992,-8241.700262532722,0.5405844155844156,0.7373796030443803,-0.09457875641404413,-0.09064449689150499,10119.001764549826,69.49207011561457,-110.89243678810026,2.2337662337662336,616000.0,366,46,204,False
max_half_life_0p75h,0.75,ADAUSDT/LINKUSDT,6.0,0,17,403.01078179644753,213.25,189.7607817964474,0.5882352941176471,1.3499513380196129,0.12479674134952565,0.2051812372018445,230.45174834833773,73.20098352514519,-77.46415049357208,2.176470588235294,17000.0,9,3,5,True
max_half_life_0p75h,0.75,ADAUSDT/SOLUSDT,5.603400000000001,0,58,322.90497279225343,729.853875,-406.9489022077464,0.5517241379310345,0.7937586995581948,-0.07506085859653379,-0.07303186250468871,882.3853024652564,48.94437224610988,-75.89110823397165,2.5,58000.0,31,5,22,False
max_half_life_0p75h,0.75,ADAUSDT/XRPUSDT,6.0,0,1,-23.688042317784877,12.75,-36.43804231778488,0.0,0.0,,,0.0,,-36.43804231778488,3.0,1000.0,0,0,1,False
max_half_life_0p75h,0.75,ARBUSDT/ATOMUSDT,6.0,0,1,69.23952605077845,12.75,56.48952605077845,1.0,inf,,,0.0,56.48952605077845,,3.0,1000.0,0,0,1,True
max_half_life_0p75h,0.75,ARBUSDT/AVAXUSDT,6.0,0,4,51.98423655623731,51.0,0.9842365562373132,0.5,1.014757972537345,0.006223840507329973,0.021516087928533455,66.69185443642039,33.838045496328846,-33.34592721821019,3.0,4000.0,1,0,3,False
max_half_life_0p75h,0.75,ARBUSDT/DOTUSDT,6.0,0,0,0.0,0.0,0.0,,,,,0.0,,,,0.0,0,0,0,False
max_half_life_0p75h,0.75,ARBUSDT/ETCUSDT,6.0,0,17,946.7042049358979,213.25,733.4542049358979,0.5882352941176471,2.272840705254836,0.33485090809814866,1.2230935297455932,389.025513103516,130.9688294486839,-82.31915565013443,2.176470588235294,17000.0,8,1,8,True
max_half_life_0p75h,0.75,ARBUSDT/ETHUSDT,5.0808,0,488,2205.0315414029105,6091.4104,-3886.3788585970906,0.5409836065573771,0.823401624531463,-0.07081353244646622,-0.0879012861299994,5431.488463074552,68.63825335105315,-98.24498992533537,2.278688524590164,488000.0,301,28,159,False
max_half_life_0p75h,0.75,ARBUSDT/LINKUSDT,6.0,0,0,0.0,0.0,0.0,,,,,0.0,,,,0.0,0,0,0,False
max_half_life_0p75h,0.75,ARBUSDT/OPUSDT,6.0,0,7,-132.2192143885803,88.5,-220.7192143885803,0.42857142857142855,0.2808385347400902,-0.47903754285304023,-0.6684745835134003,291.4947119779184,28.73089644547366,-76.72797593125031,2.5714285714285716,7000.0,2,1,4,False
max_half_life_0p75h,0.75,ATOMUSDT/DOTUSDT,6.0,0,1,-35.17573591335605,12.75,-47.92573591335605,0.0,0.0,,,0.0,,-47.92573591335605,3.0,1000.0,0,0,1,False
max_half_life_0p75h,0.75,ATOMUSDT/ETCUSDT,6.0,0,17,308.9948867751041,214.75,94.24488677510409,0.35294117647058826,1.1413537427475948,0.048792597435839004,0.12597974422743352,484.72772588924533,126.8292726280605,-60.611886272114425,2.5294117647058822,17000.0,5,1,11,True
max_half_life_0p75h,0.75,AVAXUSDT/DOTUSDT,6.0,0,11,7.196869470011677,139.5,-132.30313052998832,0.5454545454545454,0.7149794092145333,-0.12906916769296872,-0.17106430773466397,307.9671742176569,55.31414054617355,-92.83759476140592,2.727272727272727,11000.0,3,1,7,False
max_half_life_0p75h,0.75,AVAXUSDT/ETCUSDT,6.0,0,17,650.059816444216,215.0,435.05981644421587,0.5882352941176471,1.5726286887997338,0.15001121869079168,0.19581112667876135,510.25870599103604,119.48188452070413,-108.53700410897504,2.588235294117647,17000.0,5,0,12,True
max_half_life_0p75h,0.75,AVAXUSDT/ETHUSDT,5.0808,0,563,-4579.239710171295,7021.0484,-11600.2881101713,0.5310834813499112,0.6646551148079772,-0.1317603513899629,-0.1362422673816608,12639.71188998743,76.89573489525567,-131.03073046913914,2.2238010657193605,563000.0,305,55,203,False
max_half_life_0p75h,0.75,AVAXUSDT/LINKUSDT,6.0,0,6,-271.6552683704456,75.75,-347.4052683704456,0.16666666666666666,0.0960893660508863,-0.691144565028022,-0.7428695585690571,338.71533611645134,36.93058887316221,-76.86717144872155,2.5,6000.0,1,2,3,False
max_half_life_0p75h,0.75,AVAXUSDT/SOLUSDT,5.603400000000001,0,58,801.9569685114795,730.08735,71.86961851148008,0.5172413793103449,1.0309490292469157,0.011827641813109609,0.01657229111082848,1227.165825748431,79.8020866778787,-82.93546363660289,2.5172413793103448,58000.0,34,2,22,False
max_half_life_0p75h,0.75,BTCUSDT/ETHUSDT,4.0707,0,559,-2808.4961632962927,6923.2382625,-9731.734425796294,0.4257602862254025,0.45943544345306975,-0.27503301677794517,-0.33849293221837334,9786.86141075843,34.752833612084395,-56.083828116736385,2.270125223613596,559000.0,303,41,215,False
max_half_life_0p75h,0.75,BTCUSDT/SOLUSDT,4.5933,0,99,-265.8821909192009,1234.1243875,-1500.0065784192009,0.4444444444444444,0.5740533530061507,-0.2137033191291036,-0.32370278481091974,1742.2483044500286,45.94492440597209,-64.02878640512678,2.4343434343434343,99000.0,43,10,46,False
max_half_life_0p75h,0.75,DOGEUSDT/DOTUSDT,5.8266,0,7,368.1740395302121,88.612725,279.56131453021214,0.7142857142857143,2.8591964506698115,0.4731654131135273,1.6352674332688368,92.45269185263479,85.98561146794344,-75.18337140475252,2.7142857142857144,7000.0,4,0,3,True
max_half_life_0p75h,0.75,DOGEUSDT/ETCUSDT,5.8266,0,18,-1436.7981867505825,226.19655,-1662.994736750583,0.5,0.17051036997706986,-0.48423207079048664,-0.47175659413257115,1770.5660424507182,37.982907075231466,-222.76010004751845,2.3333333333333335,18000.0,8,2,8,False
max_half_life_0p75h,0.75,DOGEUSDT/ETHUSDT,4.9074,0,664,1999.409406095495,8257.332125,-6257.922718904508,0.5451807228915663,0.83249173654791,-0.06190616938056194,-0.06836160524450953,8299.658475457225,85.91427311113675,-123.7049324011126,2.1310240963855422,664000.0,378,58,228,False
max_half_life_0p75h,0.75,DOTUSDT/ETCUSDT,6.0,0,24,49.137157031563646,302.75,-253.61284296843635,0.5,0.8168016290050316,-0.08389587102521437,-0.12827540237597534,804.3591045569419,94.22908718572687,-115.36349076642989,2.4583333333333335,24000.0,11,2,11,False
max_half_life_0p75h,0.75,DOTUSDT/ETHUSDT,5.0808,0,529,-3313.0593584304684,6593.3603,-9906.419658430474,0.5425330812854442,0.6604288339245937,-0.1331830991398472,-0.13182385232922939,10566.799685641517,67.13207097356444,-120.55092573489036,2.1909262759924384,529000.0,320,43,166,False
max_half_life_0p75h,0.75,DOTUSDT/LINKUSDT,6.0,0,3,-150.7091709125991,37.75,-188.4591709125991,0.3333333333333333,0.013880364624655897,-0.8818870857271041,-1.0301905465488352,138.67441873704468,2.6527024868859286,-95.55593669974252,2.3333333333333335,3000.0,0,1,2,False
max_half_life_0p75h,0.75,DOTUSDT/OPUSDT,6.0,0,0,0.0,0.0,0.0,,,,,0.0,,,,0.0,0,0,0,False
max_half_life_0p75h,0.75,ETCUSDT/ETHUSDT,5.0808,0,764,6026.124550890103,9513.7061,-3487.5815491098974,0.556282722513089,0.8745057983036746,-0.04480670584354338,-0.050580112317888504,6398.205383461518,57.18399257687534,-81.97869732826524,2.137434554973822,764000.0,453,49,262,False
max_half_life_0p75h,0.75,ETCUSDT/LINKUSDT,6.0,0,14,-1183.4595048416,176.5,-1359.9595048416,0.42857142857142855,0.2135843171144574,-0.5349755293296191,-0.665689323364592,1602.1675791172654,61.5590517131943,-216.16422689009573,2.4285714285714284,14000.0,5,5,4,False
max_half_life_0p75h,0.75,ETCUSDT/LTCUSDT,5.83245,0,123,-56.729201183117624,1545.9894,-1602.7186011831175,0.5121951219512195,0.7232719762449126,-0.10854691689305172,-0.11020633840430513,2608.583603483388,66.49136132604812,-96.52790607873577,2.341463414634146,123000.0,61,15,47,False
max_half_life_0p75h,0.75,ETCUSDT/OPUSDT,6.0,0,3,-244.64007443633858,38.25,-282.8900744363386,0.0,0.0,-1.2515167038728319,-1.2515167038728319,261.26944568757096,,-94.29669147877952,3.0,3000.0,0,1,2,False
max_half_life_0p75h,0.75,ETHUSDT/LINKUSDT,5.0808,0,4,100.80081329365882,50.3287,50.472113293658815,0.5,1.879752437527423,0.22505960791059554,0.6479245390684262,42.45598180254394,53.921463552613346,-28.685406905783946,2.75,4000.0,1,0,3,True
max_half_life_0p75h,0.75,ETHUSDT/OPUSDT,5.0808,0,1,-261.04085144889547,12.6351,-273.6759514488955,0.0,0.0,,,0.0,,-273.6759514488955,3.0,1000.0,0,1,0,False
max_half_life_0p75h,0.75,ETHUSDT/SOLUSDT,4.684200000000001,0,99,168.7702358783235,1234.45165,-1065.6814141216764,0.45454545454545453,0.6717317200608419,-0.14364261198628916,-0.18034281600878682,1856.3564345026994,48.45982204809243,-60.11802604233031,2.404040404040404,99000.0,46,7,46,False
max_half_life_0p75h,0.75,ETHUSDT/UNIUSDT,5.0808,0,3,-189.68598510639865,37.6936,-227.37958510639868,0.6666666666666666,0.2538563640215235,-0.38138976883261344,,304.739696410086,38.68005565184368,-304.739696410086,2.6666666666666665,3000.0,1,1,1,False
max_half_life_0p375h,0.375,ADAUSDT/ARBUSDT,6.0,0,0,0.0,0.0,0.0,,,,,0.0,,,,0.0,0,0,0,False
max_half_life_0p375h,0.375,ADAUSDT/ATOMUSDT,6.0,0,0,0.0,0.0,0.0,,,,,0.0,,,,0.0,0,0,0,False
max_half_life_0p375h,0.375,ADAUSDT/AVAXUSDT,6.0,0,0,0.0,0.0,0.0,,,,,0.0,,,,0.0,0,0,0,False
max_half_life_0p375h,0.375,ADAUSDT/DOGEUSDT,5.8266,0,0,0.0,0.0,0.0,,,,,0.0,,,,0.0,0,0,0,False
max_half_life_0p375h,0.375,ADAUSDT/DOTUSDT,6.0,0,0,0.0,0.0,0.0,,,,,0.0,,,,0.0,0,0,0,False
max_half_life_0p375h,0.375,ADAUSDT/ETCUSDT,6.0,0,1,127.68205016334672,12.25,115.43205016334672,1.0,inf,,,0.0,115.43205016334672,,1.0,1000.0,1,0,0,True
max_half_life_0p375h,0.375,ADAUSDT/ETHUSDT,5.0808,0,3,102.86888472595497,37.0585,65.81038472595496,0.6666666666666666,2.74674107582688,0.4071294773476828,,0.0,51.743240439107296,-37.67609615225963,1.6666666666666667,3000.0,2,0,1,True
max_half_life_0p375h,0.375,ADAUSDT/LINKUSDT,6.0,0,0,0.0,0.0,0.0,,,,,0.0,,,,0.0,0,0,0,False
max_half_life_0p375h,0.375,ADAUSDT/SOLUSDT,5.603400000000001,0,0,0.0,0.0,0.0,,,,,0.0,,,,0.0,0,0,0,False
max_half_life_0p375h,0.375,ADAUSDT/XRPUSDT,6.0,0,0,0.0,0.0,0.0,,,,,0.0,,,,0.0,0,0,0,False
max_half_life_0p375h,0.375,ARBUSDT/ATOMUSDT,6.0,0,0,0.0,0.0,0.0,,,,,0.0,,,,0.0,0,0,0,False
max_half_life_0p375h,0.375,ARBUSDT/AVAXUSDT,6.0,0,0,0.0,0.0,0.0,,,,,0.0,,,,0.0,0,0,0,False
max_half_life_0p375h,0.375,ARBUSDT/DOTUSDT,6.0,0,0,0.0,0.0,0.0,,,,,0.0,,,,0.0,0,0,0,False
max_half_life_0p375h,0.375,ARBUSDT/ETCUSDT,6.0,0,1,-45.09244585499721,12.5,-57.59244585499721,0.0,0.0,,,0.0,,-57.59244585499721,2.0,1000.0,0,0,1,False
max_half_life_0p375h,0.375,ARBUSDT/ETHUSDT,5.0808,0,1,-293.60552457033435,12.2117,-305.81722457033436,0.0,0.0,,,0.0,,-305.81722457033436,1.0,1000.0,0,1,0,False
max_half_life_0p375h,0.375,ARBUSDT/LINKUSDT,6.0,0,0,0.0,0.0,0.0,,,,,0.0,,,,0.0,0,0,0,False
max_half_life_0p375h,0.375,ARBUSDT/OPUSDT,6.0,0,0,0.0,0.0,0.0,,,,,0.0,,,,0.0,0,0,0,False
max_half_life_0p375h,0.375,ATOMUSDT/DOTUSDT,6.0,0,0,0.0,0.0,0.0,,,,,0.0,,,,0.0,0,0,0,False
max_half_life_0p375h,0.375,ATOMUSDT/ETCUSDT,6.0,0,0,0.0,0.0,0.0,,,,,0.0,,,,0.0,0,0,0,False
max_half_life_0p375h,0.375,AVAXUSDT/DOTUSDT,6.0,0,0,0.0,0.0,0.0,,,,,0.0,,,,0.0,0,0,0,False
max_half_life_0p375h,0.375,AVAXUSDT/ETCUSDT,6.0,0,0,0.0,0.0,0.0,,,,,0.0,,,,0.0,0,0,0,False
max_half_life_0p375h,0.375,AVAXUSDT/ETHUSDT,5.0808,0,10,-42.23608075454329,124.0223,-166.2583807545433,0.3,0.578543488685485,-0.21346937300077404,-0.5716507860947654,288.9870990247565,76.07562586938135,-56.35503690895534,1.9,10000.0,4,0,6,False
max_half_life_0p375h,0.375,AVAXUSDT/LINKUSDT,6.0,0,0,0.0,0.0,0.0,,,,,0.0,,,,0.0,0,0,0,False
max_half_life_0p375h,0.375,AVAXUSDT/SOLUSDT,5.603400000000001,0,0,0.0,0.0,0.0,,,,,0.0,,,,0.0,0,0,0,False
max_half_life_0p375h,0.375,BTCUSDT/ETHUSDT,4.0707,0,9,16.542534127029334,110.7138,-94.17126587297065,0.5555555555555556,0.6275033576918575,-0.18831162518346697,-0.2933679389702974,244.42122132047248,31.727956078862075,-63.20276156682026,1.7777777777777777,9000.0,4,1,4,False
max_half_life_0p375h,0.375,BTCUSDT/SOLUSDT,4.5933,0,0,0.0,0.0,0.0,,,,,0.0,,,,0.0,0,0,0,False
max_half_life_0p375h,0.375,DOGEUSDT/DOTUSDT,5.8266,0,0,0.0,0.0,0.0,,,,,0.0,,,,0.0,0,0,0,False
max_half_life_0p375h,0.375,DOGEUSDT/ETCUSDT,5.8266,0,0,0.0,0.0,0.0,,,,,0.0,,,,0.0,0,0,0,False
max_half_life_0p375h,0.375,DOGEUSDT/ETHUSDT,4.9074,0,13,-372.2043429201449,160.49845000000002,-532.702792920145,0.38461538461538464,0.403676031792005,-0.3046881446071763,-0.33198965245539047,576.5745183674526,72.12165233496621,-111.663881824372,1.6923076923076923,13000.0,6,2,5,False
max_half_life_0p375h,0.375,DOTUSDT/ETCUSDT,6.0,0,0,0.0,0.0,0.0,,,,,0.0,,,,0.0,0,0,0,False
max_half_life_0p375h,0.375,DOTUSDT/ETHUSDT,5.0808,0,3,15.206543603057,37.0585,-21.851956396943,0.3333333333333333,0.49108478365189645,-0.25380178090104494,-0.3472466535257674,42.93830424986945,21.086347852926444,-21.469152124934723,1.6666666666666667,3000.0,1,0,2,False
max_half_life_0p375h,0.375,DOTUSDT/LINKUSDT,6.0,0,0,0.0,0.0,0.0,,,,,0.0,,,,0.0,0,0,0,False
max_half_life_0p375h,0.375,DOTUSDT/OPUSDT,6.0,0,0,0.0,0.0,0.0,,,,,0.0,,,,0.0,0,0,0,False
max_half_life_0p375h,0.375,ETCUSDT/ETHUSDT,5.0808,0,33,893.244185269392,407.00840000000005,486.2357852693921,0.5151515151515151,1.4549143715491915,0.11543013578603882,0.21251698826674106,377.18904787357343,91.47570674103135,-66.80320183300881,1.5757575757575757,33000.0,12,2,19,True
max_half_life_0p375h,0.375,ETCUSDT/LINKUSDT,6.0,0,0,0.0,0.0,0.0,,,,,0.0,,,,0.0,0,0,0,False
max_half_life_0p375h,0.375,ETCUSDT/LTCUSDT,5.83245,0,0,0.0,0.0,0.0,,,,,0.0,,,,0.0,0,0,0,False
max_half_life_0p375h,0.375,ETCUSDT/OPUSDT,6.0,0,0,0.0,0.0,0.0,,,,,0.0,,,,0.0,0,0,0,False
max_half_life_0p375h,0.375,ETHUSDT/LINKUSDT,5.0808,0,0,0.0,0.0,0.0,,,,,0.0,,,,0.0,0,0,0,False
max_half_life_0p375h,0.375,ETHUSDT/OPUSDT,5.0808,0,0,0.0,0.0,0.0,,,,,0.0,,,,0.0,0,0,0,False
max_half_life_0p375h,0.375,ETHUSDT/SOLUSDT,4.684200000000001,0,0,0.0,0.0,0.0,,,,,0.0,,,,0.0,0,0,0,False
max_half_life_0p375h,0.375,ETHUSDT/UNIUSDT,5.0808,0,0,0.0,0.0,0.0,,,,,0.0,,,,0.0,0,0,0,False
